user_id,user_role,department,years_of_experience,login_timestamp,login_hour,login_day_of_week,login_location,device_type,daily_login_count,failed_login_attempts,records_accessed_count,records_modified_count,sensitive_record_access,cross_department_access,session_duration_minutes,anomaly_label
1,Nurse,Emergency,28,10/3/2022,3,Monday,Remote VPN,Tablet,7,9,146,61,No,No,84,Normal
2,Nurse,Cardiology,17,1/5/2022,18,Sunday,Hospital Network,Mobile,11,1,232,64,No,No,9,Normal
3,Doctor,Neurology,18,7/16/2022,12,Thursday,Hospital Network,Tablet,6,4,86,55,No,No,13,Normal
4,Admin Staff,Emergency,27,10/14/2022,15,Friday,Hospital Network,Mobile,23,2,39,62,No,No,65,Normal
5,Admin Staff,Cardiology,26,6/4/2022,5,Tuesday,Remote VPN,Desktop,26,0,294,77,No,Yes,85,Normal
6,Nurse,Neurology,30,7/29/2022,18,Monday,Hospital Network,Mobile,22,10,129,7,No,No,47,Normal
7,Doctor,Pediatrics,21,8/14/2022,10,Wednesday,Hospital Network,Desktop,18,8,106,2,No,No,51,Normal
8,Doctor,Neurology,24,7/29/2022,12,Sunday,Hospital Network,Desktop,10,6,122,24,Yes,No,171,Normal
9,Nurse,Pediatrics,13,1/26/2022,13,Sunday,Hospital Network,Mobile,10,0,236,29,No,No,77,Normal
10,Nurse,Emergency,12,8/13/2022,8,Tuesday,Remote VPN,Tablet,2,5,112,22,No,No,109,Normal
11,Admin Staff,Neurology,26,3/14/2022,20,Sunday,Hospital Network,Desktop,18,3,20,21,No,No,96,Normal
12,Doctor,Oncology,1,10/22/2022,2,Saturday,Hospital Network,Mobile,12,6,73,40,No,Yes,48,Normal
13,Nurse,Neurology,26,11/12/2022,11,Sunday,Hospital Network,Desktop,16,8,258,77,No,No,25,Normal
14,Doctor,Oncology,28,7/15/2022,3,Monday,Hospital Network,Tablet,8,5,69,39,No,No,6,Normal
15,Admin Staff,Cardiology,28,9/4/2022,16,Thursday,Hospital Network,Desktop,19,9,184,69,No,No,11,Normal
16,Doctor,Cardiology,17,10/8/2022,19,Sunday,Hospital Network,Tablet,1,0,168,70,No,No,22,Normal
17,Admin Staff,Cardiology,6,12/22/2022,16,Sunday,Hospital Network,Desktop,16,3,297,43,No,No,157,Normal
18,Nurse,Cardiology,13,1/1/2022,21,Friday,Hospital Network,Mobile,19,3,126,1,No,No,76,Normal
19,Nurse,Oncology,3,2/8/2022,22,Thursday,Hospital Network,Desktop,14,6,84,63,No,No,109,Normal
20,Admin Staff,Pediatrics,8,5/15/2022,14,Wednesday,Hospital Network,Tablet,22,6,137,10,No,No,50,Normal
21,Admin Staff,Emergency,17,3/14/2022,8,Thursday,Hospital Network,Desktop,21,4,184,38,No,No,26,Normal
22,Admin Staff,Cardiology,10,1/15/2022,22,Tuesday,Hospital Network,Tablet,6,5,257,46,Yes,No,150,Normal
23,Admin Staff,Emergency,23,3/19/2022,9,Wednesday,Hospital Network,Desktop,5,10,211,29,No,No,113,Normal
24,Admin Staff,Neurology,26,5/20/2022,13,Friday,Hospital Network,Desktop,17,2,8,53,Yes,No,26,Normal
25,Nurse,Neurology,20,6/18/2022,15,Friday,Unknown IP,Mobile,23,6,35,58,No,No,49,Normal
26,Doctor,Oncology,26,6/21/2022,16,Saturday,Hospital Network,Tablet,1,2,45,60,No,No,39,Normal
27,Doctor,Cardiology,26,11/3/2022,3,Monday,Hospital Network,Tablet,11,0,128,49,No,No,68,Normal
28,Admin Staff,Cardiology,21,5/20/2022,4,Monday,Hospital Network,Tablet,6,10,219,34,No,No,34,Normal
29,Nurse,Neurology,3,11/11/2022,22,Sunday,Remote VPN,Desktop,28,7,129,41,No,No,126,Normal
30,Nurse,Pediatrics,2,3/19/2022,22,Tuesday,Remote VPN,Tablet,26,9,257,53,No,No,152,Normal
31,Doctor,Neurology,20,2/5/2022,20,Monday,Hospital Network,Mobile,21,3,142,45,No,No,116,Normal
32,Admin Staff,Emergency,7,1/20/2022,19,Wednesday,Remote VPN,Desktop,19,6,107,43,No,No,95,Normal
33,Doctor,Cardiology,8,4/10/2022,5,Wednesday,Hospital Network,Desktop,30,7,24,19,No,No,123,Normal
34,Admin Staff,Oncology,27,7/13/2022,14,Monday,Remote VPN,Tablet,7,6,107,37,No,No,155,Normal
35,Nurse,Oncology,5,4/23/2022,20,Saturday,Hospital Network,Mobile,14,8,47,54,Yes,Yes,117,Normal
36,Admin Staff,Cardiology,3,10/17/2022,2,Thursday,Hospital Network,Tablet,7,7,149,29,No,No,143,Normal
37,Nurse,Oncology,9,9/26/2022,23,Friday,Hospital Network,Desktop,1,4,160,36,No,No,172,Normal
38,Admin Staff,Oncology,12,5/11/2022,20,Monday,Hospital Network,Mobile,26,7,121,69,Yes,No,121,Normal
39,Admin Staff,Pediatrics,5,6/5/2022,18,Thursday,Unknown IP,Tablet,4,9,171,7,No,Yes,114,Normal
40,Admin Staff,Neurology,5,11/30/2022,10,Sunday,Hospital Network,Desktop,16,7,174,62,No,No,52,Normal
41,Nurse,Oncology,9,5/13/2022,16,Tuesday,Hospital Network,Tablet,20,6,55,80,No,No,136,Normal
42,Doctor,Oncology,1,6/20/2022,15,Wednesday,Hospital Network,Mobile,25,2,254,48,No,No,80,Normal
43,Doctor,Oncology,2,11/27/2022,0,Thursday,Hospital Network,Mobile,22,2,241,16,Yes,No,159,Normal
44,Nurse,Pediatrics,27,10/14/2022,5,Saturday,Hospital Network,Mobile,17,2,102,62,No,No,127,Normal
45,Admin Staff,Emergency,5,12/7/2022,21,Monday,Hospital Network,Mobile,14,7,23,3,No,Yes,21,Normal
46,Nurse,Pediatrics,4,11/13/2022,16,Friday,Remote VPN,Desktop,16,2,32,6,No,No,33,Normal
47,Doctor,Cardiology,9,1/4/2022,17,Sunday,Hospital Network,Mobile,4,4,120,66,No,No,173,Normal
48,Admin Staff,Pediatrics,10,6/15/2022,10,Monday,Remote VPN,Mobile,18,1,40,22,No,No,8,Normal
49,Doctor,Emergency,11,3/3/2022,15,Friday,Hospital Network,Desktop,14,10,111,65,No,No,27,Normal
50,Nurse,Pediatrics,24,12/29/2022,14,Tuesday,Hospital Network,Mobile,7,2,29,76,No,No,125,Normal
51,Admin Staff,Pediatrics,8,11/23/2022,6,Monday,Hospital Network,Tablet,22,1,48,72,No,No,168,Normal
52,Doctor,Emergency,28,8/18/2022,18,Saturday,Remote VPN,Desktop,3,6,269,53,No,No,36,Normal
53,Nurse,Neurology,1,2/23/2022,11,Friday,Hospital Network,Desktop,2,8,18,37,No,No,34,Normal
54,Nurse,Neurology,25,9/22/2022,8,Monday,Hospital Network,Tablet,29,10,293,23,No,No,24,Suspicious
55,Doctor,Emergency,21,3/8/2022,1,Sunday,Hospital Network,Desktop,13,9,46,69,No,No,63,Normal
56,Nurse,Oncology,22,3/13/2022,6,Saturday,Hospital Network,Tablet,10,2,10,11,No,No,131,Normal
57,Nurse,Neurology,27,1/31/2022,10,Tuesday,Hospital Network,Mobile,16,9,96,78,No,No,85,Normal
58,Nurse,Pediatrics,27,3/22/2022,8,Saturday,Hospital Network,Tablet,29,4,29,23,No,No,19,Normal
59,Doctor,Emergency,12,3/20/2022,18,Tuesday,Hospital Network,Mobile,20,2,224,63,No,No,35,Normal
60,Admin Staff,Cardiology,4,4/21/2022,17,Wednesday,Hospital Network,Mobile,15,5,103,9,No,No,89,Normal
61,Admin Staff,Oncology,12,2/4/2022,22,Thursday,Hospital Network,Desktop,16,6,244,43,No,No,50,Normal
62,Admin Staff,Neurology,25,10/19/2022,10,Sunday,Hospital Network,Tablet,11,9,300,77,No,No,154,Normal
63,Nurse,Oncology,20,1/23/2022,14,Monday,Unknown IP,Mobile,13,10,151,20,No,Yes,59,Normal
64,Admin Staff,Emergency,13,7/30/2022,21,Thursday,Remote VPN,Mobile,25,7,271,6,No,No,27,Normal
65,Admin Staff,Neurology,14,4/26/2022,2,Saturday,Hospital Network,Desktop,8,2,67,47,No,No,94,Normal
66,Nurse,Cardiology,28,11/14/2022,8,Sunday,Hospital Network,Tablet,18,8,194,77,No,No,104,Normal
67,Nurse,Pediatrics,26,6/13/2022,22,Wednesday,Remote VPN,Desktop,28,1,97,46,No,No,166,Normal
68,Admin Staff,Neurology,16,8/7/2022,7,Friday,Remote VPN,Desktop,28,4,99,37,No,No,164,Normal
69,Nurse,Oncology,16,4/14/2022,10,Monday,Hospital Network,Desktop,6,8,159,11,No,Yes,144,Normal
70,Doctor,Oncology,14,6/17/2022,14,Sunday,Hospital Network,Desktop,1,1,28,41,No,No,122,Normal
71,Admin Staff,Pediatrics,10,7/20/2022,16,Thursday,Hospital Network,Tablet,25,5,136,23,No,No,161,Normal
72,Doctor,Oncology,26,7/11/2022,8,Tuesday,Hospital Network,Tablet,8,2,30,78,No,No,39,Normal
73,Nurse,Emergency,26,1/22/2022,19,Wednesday,Hospital Network,Tablet,29,1,225,57,No,No,63,Normal
74,Admin Staff,Neurology,28,7/17/2022,17,Monday,Remote VPN,Desktop,6,1,291,9,No,No,140,Normal
75,Nurse,Oncology,11,3/14/2022,20,Sunday,Hospital Network,Mobile,22,4,91,65,No,No,40,Normal
76,Doctor,Cardiology,16,11/14/2022,13,Friday,Hospital Network,Desktop,2,7,219,20,No,No,98,Normal
77,Admin Staff,Oncology,13,4/26/2022,10,Saturday,Hospital Network,Desktop,26,9,162,2,No,No,167,Normal
78,Admin Staff,Oncology,12,10/2/2022,22,Sunday,Hospital Network,Desktop,22,6,33,2,No,No,84,Normal
79,Admin Staff,Emergency,4,7/21/2022,4,Sunday,Hospital Network,Tablet,27,8,258,7,No,No,98,Normal
80,Admin Staff,Oncology,1,5/21/2022,22,Monday,Remote VPN,Tablet,20,3,252,49,No,No,73,Normal
81,Doctor,Cardiology,13,3/25/2022,7,Thursday,Hospital Network,Desktop,14,5,238,63,No,No,75,Normal
82,Admin Staff,Cardiology,6,2/13/2022,7,Thursday,Hospital Network,Desktop,11,1,152,12,No,No,18,Normal
83,Doctor,Neurology,27,5/25/2022,3,Sunday,Hospital Network,Desktop,21,4,169,70,No,No,75,Normal
84,Nurse,Pediatrics,19,6/12/2022,11,Monday,Remote VPN,Desktop,6,0,50,45,No,No,23,Normal
85,Nurse,Pediatrics,8,11/10/2022,6,Wednesday,Hospital Network,Mobile,21,7,270,1,No,Yes,106,Normal
86,Nurse,Oncology,19,11/11/2022,17,Monday,Hospital Network,Tablet,20,3,157,74,No,No,172,Normal
87,Nurse,Neurology,26,7/25/2022,15,Wednesday,Hospital Network,Desktop,26,9,127,24,No,No,19,Normal
88,Doctor,Emergency,27,4/24/2022,2,Sunday,Hospital Network,Tablet,7,3,82,6,No,Yes,145,Normal
89,Nurse,Emergency,6,7/3/2022,0,Sunday,Hospital Network,Tablet,1,7,166,12,Yes,No,48,Suspicious
90,Nurse,Cardiology,8,5/23/2022,23,Friday,Remote VPN,Desktop,29,0,265,69,No,No,44,Normal
91,Admin Staff,Emergency,10,5/26/2022,18,Thursday,Hospital Network,Desktop,25,4,138,6,No,No,175,Normal
92,Nurse,Cardiology,12,4/27/2022,14,Saturday,Hospital Network,Desktop,8,6,16,62,No,No,134,Normal
93,Doctor,Emergency,7,1/4/2022,2,Tuesday,Hospital Network,Tablet,8,3,101,15,No,No,151,Normal
94,Doctor,Oncology,30,5/3/2022,3,Sunday,Hospital Network,Mobile,22,4,14,43,No,No,47,Normal
95,Admin Staff,Pediatrics,11,11/12/2022,18,Monday,Remote VPN,Desktop,23,2,80,18,No,No,162,Normal
96,Doctor,Neurology,14,6/6/2022,20,Sunday,Hospital Network,Tablet,5,10,125,60,No,No,180,Normal
97,Doctor,Neurology,2,10/25/2022,1,Wednesday,Hospital Network,Mobile,12,5,160,63,No,No,49,Normal
98,Doctor,Oncology,19,7/16/2022,2,Monday,Hospital Network,Desktop,29,9,98,0,No,No,54,Normal
99,Nurse,Neurology,17,11/11/2022,17,Saturday,Hospital Network,Desktop,21,1,203,27,No,No,180,Normal
100,Nurse,Neurology,20,4/4/2022,15,Saturday,Hospital Network,Mobile,6,7,137,53,No,No,180,Normal
101,Doctor,Oncology,11,5/18/2022,10,Monday,Hospital Network,Desktop,18,1,32,57,No,No,88,Normal
102,Doctor,Neurology,20,5/3/2022,2,Monday,Unknown IP,Mobile,7,4,186,64,Yes,No,62,Normal
103,Admin Staff,Pediatrics,22,8/16/2022,14,Saturday,Hospital Network,Mobile,19,4,188,46,No,No,53,Normal
104,Nurse,Pediatrics,15,4/10/2022,16,Monday,Hospital Network,Desktop,12,1,128,51,No,No,148,Normal
105,Doctor,Neurology,10,3/11/2022,9,Saturday,Hospital Network,Tablet,12,1,86,67,No,No,115,Normal
106,Admin Staff,Oncology,28,8/21/2022,1,Tuesday,Hospital Network,Desktop,9,8,56,7,No,No,101,Normal
107,Nurse,Cardiology,10,10/27/2022,20,Monday,Remote VPN,Mobile,20,9,28,1,No,No,69,Normal
108,Nurse,Cardiology,16,1/21/2022,15,Saturday,Remote VPN,Tablet,9,3,81,78,No,No,77,Normal
109,Admin Staff,Cardiology,6,2/18/2022,7,Tuesday,Hospital Network,Mobile,9,5,42,48,Yes,No,22,Normal
110,Admin Staff,Oncology,13,10/1/2022,13,Wednesday,Hospital Network,Tablet,4,8,16,59,No,No,135,Normal
111,Admin Staff,Neurology,17,9/23/2022,5,Friday,Hospital Network,Mobile,26,4,119,66,No,No,39,Normal
112,Doctor,Neurology,8,11/15/2022,18,Monday,Hospital Network,Tablet,18,9,215,3,No,No,49,Suspicious
113,Doctor,Oncology,23,10/31/2022,14,Thursday,Hospital Network,Tablet,1,3,176,10,No,No,117,Normal
114,Nurse,Emergency,12,8/4/2022,4,Tuesday,Hospital Network,Tablet,25,10,291,25,No,No,128,Normal
115,Nurse,Neurology,25,2/17/2022,10,Friday,Hospital Network,Desktop,30,9,299,79,No,No,172,Normal
116,Nurse,Neurology,15,5/22/2022,0,Monday,Hospital Network,Mobile,30,0,224,36,No,Yes,54,Normal
117,Admin Staff,Neurology,24,12/7/2022,17,Saturday,Remote VPN,Mobile,23,7,57,11,No,No,14,Normal
118,Nurse,Emergency,20,6/15/2022,8,Friday,Hospital Network,Mobile,14,8,3,74,No,No,90,Normal
119,Admin Staff,Emergency,25,5/11/2022,20,Saturday,Hospital Network,Mobile,12,1,288,35,No,No,149,Normal
120,Admin Staff,Cardiology,1,5/24/2022,4,Tuesday,Hospital Network,Desktop,23,3,44,29,No,No,163,Normal
121,Doctor,Cardiology,26,6/11/2022,21,Monday,Hospital Network,Tablet,17,8,148,8,No,No,41,Normal
122,Admin Staff,Cardiology,4,5/6/2022,12,Thursday,Hospital Network,Tablet,21,10,242,54,No,No,88,Normal
123,Doctor,Oncology,3,11/5/2022,8,Saturday,Hospital Network,Desktop,4,7,281,46,No,No,98,Suspicious
124,Nurse,Cardiology,5,11/21/2022,4,Tuesday,Hospital Network,Tablet,7,3,275,74,No,No,85,Normal
125,Admin Staff,Neurology,29,5/16/2022,12,Monday,Remote VPN,Tablet,14,8,291,71,Yes,Yes,7,Normal
126,Admin Staff,Cardiology,7,9/28/2022,0,Thursday,Hospital Network,Mobile,16,3,66,29,No,No,144,Normal
127,Nurse,Cardiology,28,4/16/2022,20,Friday,Hospital Network,Tablet,26,3,64,72,No,No,98,Normal
128,Nurse,Neurology,3,3/27/2022,8,Wednesday,Hospital Network,Desktop,30,7,278,38,No,No,56,Normal
129,Doctor,Oncology,28,9/13/2022,19,Thursday,Hospital Network,Desktop,2,7,212,43,No,No,18,Normal
130,Admin Staff,Cardiology,21,10/23/2022,21,Friday,Hospital Network,Mobile,3,3,194,4,No,No,141,Normal
131,Nurse,Pediatrics,2,1/28/2022,10,Thursday,Unknown IP,Desktop,26,10,86,72,No,No,156,Normal
132,Doctor,Neurology,20,11/2/2022,9,Saturday,Hospital Network,Tablet,17,4,88,39,No,No,116,Normal
133,Admin Staff,Cardiology,9,9/30/2022,17,Sunday,Hospital Network,Mobile,21,8,119,71,No,Yes,134,Normal
134,Nurse,Cardiology,1,3/15/2022,1,Saturday,Unknown IP,Mobile,12,6,88,36,No,No,46,Normal
135,Nurse,Pediatrics,17,4/13/2022,20,Wednesday,Hospital Network,Tablet,20,4,131,62,No,No,68,Normal
136,Doctor,Pediatrics,22,1/25/2022,14,Tuesday,Remote VPN,Mobile,4,2,220,74,No,No,83,Normal
137,Doctor,Pediatrics,19,2/15/2022,13,Thursday,Remote VPN,Tablet,5,6,158,29,No,No,177,Normal
138,Nurse,Neurology,24,10/1/2022,5,Friday,Hospital Network,Desktop,26,4,181,72,No,No,174,Normal
139,Doctor,Oncology,2,4/3/2022,23,Monday,Hospital Network,Tablet,11,3,237,80,No,No,120,Normal
140,Nurse,Emergency,24,10/26/2022,7,Monday,Hospital Network,Mobile,3,0,212,57,No,No,90,Normal
141,Doctor,Cardiology,30,2/1/2022,23,Saturday,Remote VPN,Desktop,21,4,137,28,No,No,32,Normal
142,Nurse,Neurology,29,7/10/2022,1,Thursday,Hospital Network,Mobile,21,9,155,49,No,No,109,Normal
143,Doctor,Neurology,21,4/22/2022,17,Monday,Hospital Network,Desktop,24,3,225,29,No,No,27,Normal
144,Doctor,Neurology,16,5/20/2022,16,Thursday,Remote VPN,Desktop,23,1,53,52,No,No,34,Normal
145,Doctor,Emergency,14,7/21/2022,0,Thursday,Hospital Network,Tablet,8,0,96,57,No,No,80,Normal
146,Doctor,Oncology,14,4/21/2022,21,Wednesday,Hospital Network,Mobile,28,9,175,11,No,No,73,Normal
147,Admin Staff,Cardiology,9,2/7/2022,17,Monday,Hospital Network,Tablet,22,1,212,1,No,No,66,Normal
148,Doctor,Pediatrics,12,2/25/2022,2,Sunday,Hospital Network,Mobile,14,7,113,26,No,No,157,Normal
149,Doctor,Emergency,29,5/23/2022,5,Tuesday,Hospital Network,Tablet,20,9,281,19,No,No,27,Normal
150,Nurse,Cardiology,30,11/3/2022,19,Tuesday,Hospital Network,Tablet,27,1,30,27,Yes,No,104,Normal
151,Doctor,Oncology,26,8/6/2022,4,Thursday,Hospital Network,Desktop,19,7,51,21,No,No,75,Normal
152,Admin Staff,Oncology,23,5/25/2022,22,Tuesday,Hospital Network,Desktop,2,8,205,12,No,No,64,Normal
153,Doctor,Neurology,5,5/29/2022,20,Thursday,Hospital Network,Tablet,18,5,255,41,No,No,158,Normal
154,Doctor,Cardiology,6,4/21/2022,20,Saturday,Hospital Network,Mobile,25,7,110,4,No,No,113,Normal
155,Doctor,Pediatrics,14,12/19/2022,21,Thursday,Hospital Network,Tablet,23,4,45,53,No,No,44,Normal
156,Nurse,Emergency,26,8/26/2022,21,Sunday,Remote VPN,Tablet,17,1,157,2,No,No,153,Normal
157,Doctor,Neurology,13,7/15/2022,22,Monday,Remote VPN,Desktop,21,5,65,16,No,No,144,Normal
158,Doctor,Neurology,7,9/28/2022,9,Wednesday,Hospital Network,Desktop,14,10,27,8,No,Yes,172,Normal
159,Admin Staff,Emergency,1,6/22/2022,9,Sunday,Hospital Network,Mobile,6,3,205,31,No,No,42,Normal
160,Nurse,Pediatrics,17,9/2/2022,1,Wednesday,Hospital Network,Tablet,26,8,114,1,No,No,144,Normal
161,Admin Staff,Neurology,1,10/13/2022,20,Wednesday,Hospital Network,Tablet,11,3,74,37,No,No,75,Normal
162,Admin Staff,Pediatrics,23,10/2/2022,22,Sunday,Hospital Network,Tablet,7,1,64,54,No,No,98,Normal
163,Doctor,Oncology,5,9/5/2022,22,Monday,Hospital Network,Desktop,10,3,110,73,No,No,121,Suspicious
164,Nurse,Pediatrics,5,12/22/2022,0,Wednesday,Hospital Network,Tablet,4,7,222,16,No,No,169,Normal
165,Admin Staff,Neurology,19,1/21/2022,16,Thursday,Hospital Network,Mobile,6,5,253,45,No,No,144,Normal
166,Admin Staff,Cardiology,6,7/28/2022,1,Tuesday,Hospital Network,Mobile,17,1,186,40,No,No,110,Normal
167,Doctor,Emergency,5,10/22/2022,19,Thursday,Hospital Network,Mobile,7,5,189,56,No,No,148,Normal
168,Nurse,Oncology,17,4/10/2022,13,Wednesday,Hospital Network,Mobile,23,2,243,31,No,No,164,Normal
169,Doctor,Cardiology,10,12/15/2022,6,Monday,Hospital Network,Desktop,19,8,144,30,No,No,25,Normal
170,Admin Staff,Oncology,5,3/4/2022,6,Friday,Hospital Network,Tablet,24,2,298,11,No,No,49,Normal
171,Admin Staff,Oncology,2,6/11/2022,7,Monday,Hospital Network,Desktop,18,0,27,29,No,No,29,Normal
172,Admin Staff,Emergency,27,2/6/2022,12,Wednesday,Hospital Network,Tablet,22,10,107,62,No,No,155,Normal
173,Nurse,Emergency,7,9/16/2022,14,Friday,Hospital Network,Tablet,3,2,244,38,No,No,32,Normal
174,Doctor,Cardiology,1,3/7/2022,2,Tuesday,Hospital Network,Tablet,2,0,262,74,No,No,35,Normal
175,Admin Staff,Pediatrics,15,7/10/2022,14,Thursday,Hospital Network,Tablet,22,2,24,9,No,No,113,Normal
176,Admin Staff,Cardiology,10,6/19/2022,18,Saturday,Hospital Network,Desktop,2,9,60,71,No,No,113,Normal
177,Nurse,Neurology,10,12/2/2022,12,Sunday,Hospital Network,Desktop,14,5,73,36,No,No,30,Normal
178,Admin Staff,Neurology,15,4/30/2022,3,Sunday,Hospital Network,Mobile,4,9,30,29,No,No,106,Normal
179,Doctor,Neurology,24,5/10/2022,10,Saturday,Hospital Network,Desktop,12,0,92,73,No,No,65,Normal
180,Doctor,Emergency,12,4/30/2022,0,Wednesday,Remote VPN,Mobile,6,1,250,63,No,No,86,Normal
181,Nurse,Pediatrics,30,7/31/2022,20,Saturday,Hospital Network,Desktop,3,3,101,11,No,No,108,Normal
182,Admin Staff,Pediatrics,10,11/17/2022,21,Saturday,Hospital Network,Mobile,22,8,128,80,No,No,104,Normal
183,Admin Staff,Oncology,22,1/5/2022,13,Tuesday,Hospital Network,Desktop,28,2,116,61,No,Yes,145,Normal
184,Admin Staff,Neurology,22,5/9/2022,1,Monday,Hospital Network,Desktop,22,2,14,70,No,No,89,Normal
185,Admin Staff,Neurology,29,7/8/2022,10,Sunday,Unknown IP,Tablet,3,5,133,25,No,No,96,Normal
186,Nurse,Pediatrics,17,10/9/2022,13,Saturday,Hospital Network,Tablet,25,5,1,28,No,No,145,Normal
187,Nurse,Pediatrics,16,7/19/2022,23,Tuesday,Remote VPN,Mobile,16,4,131,16,No,No,58,Suspicious
188,Nurse,Emergency,11,2/17/2022,22,Monday,Hospital Network,Mobile,20,2,153,42,No,No,7,Normal
189,Doctor,Pediatrics,6,5/3/2022,8,Wednesday,Hospital Network,Tablet,7,8,197,29,No,No,127,Normal
190,Admin Staff,Oncology,16,6/16/2022,1,Monday,Hospital Network,Mobile,25,2,254,76,No,No,143,Suspicious
191,Doctor,Cardiology,11,4/14/2022,22,Thursday,Remote VPN,Desktop,8,1,283,20,No,No,66,Normal
192,Admin Staff,Oncology,12,5/27/2022,5,Friday,Hospital Network,Desktop,28,6,108,79,No,No,93,Normal
193,Admin Staff,Oncology,7,12/24/2022,7,Tuesday,Hospital Network,Desktop,1,7,26,36,No,No,160,Normal
194,Admin Staff,Emergency,18,10/23/2022,11,Thursday,Hospital Network,Mobile,29,2,194,71,No,No,74,Normal
195,Admin Staff,Neurology,12,2/12/2022,11,Sunday,Hospital Network,Tablet,16,2,27,27,No,No,151,Normal
196,Nurse,Pediatrics,2,10/20/2022,21,Wednesday,Remote VPN,Tablet,26,9,261,9,No,No,98,Normal
197,Doctor,Neurology,23,1/27/2022,18,Sunday,Remote VPN,Desktop,12,1,101,2,No,No,103,Normal
198,Doctor,Cardiology,9,10/22/2022,14,Sunday,Hospital Network,Desktop,3,2,151,78,No,No,30,Normal
199,Nurse,Pediatrics,21,6/7/2022,18,Thursday,Hospital Network,Mobile,23,4,10,77,No,No,156,Suspicious
200,Nurse,Oncology,23,11/11/2022,15,Monday,Remote VPN,Mobile,13,5,175,77,No,No,88,Normal
201,Doctor,Pediatrics,24,11/27/2022,10,Tuesday,Hospital Network,Desktop,25,1,66,5,No,No,45,Normal
202,Nurse,Cardiology,9,12/22/2022,3,Sunday,Hospital Network,Tablet,13,1,238,46,No,No,105,Normal
203,Doctor,Emergency,15,6/19/2022,20,Friday,Hospital Network,Desktop,29,10,279,13,No,No,13,Normal
204,Nurse,Cardiology,28,1/29/2022,0,Monday,Hospital Network,Tablet,5,4,108,4,No,No,19,Normal
205,Nurse,Pediatrics,5,7/21/2022,2,Sunday,Unknown IP,Desktop,21,7,173,4,No,No,112,Normal
206,Doctor,Oncology,24,7/7/2022,18,Thursday,Hospital Network,Tablet,8,3,164,32,No,No,179,Normal
207,Nurse,Oncology,24,6/4/2022,13,Monday,Remote VPN,Mobile,17,0,214,6,No,No,69,Normal
208,Admin Staff,Cardiology,14,6/21/2022,8,Saturday,Remote VPN,Mobile,21,3,23,62,No,No,56,Normal
209,Admin Staff,Neurology,30,9/27/2022,0,Wednesday,Remote VPN,Tablet,20,1,226,78,No,No,56,Normal
210,Nurse,Pediatrics,26,5/31/2022,17,Tuesday,Remote VPN,Tablet,24,3,41,61,No,No,72,Normal
211,Admin Staff,Emergency,11,4/30/2022,12,Sunday,Hospital Network,Desktop,25,7,202,30,No,No,73,Normal
212,Admin Staff,Emergency,3,1/27/2022,22,Saturday,Unknown IP,Mobile,4,7,280,71,No,No,55,Normal
213,Nurse,Emergency,11,11/3/2022,3,Sunday,Remote VPN,Desktop,20,6,40,8,No,No,73,Normal
214,Nurse,Cardiology,22,12/20/2022,16,Sunday,Hospital Network,Tablet,23,4,23,1,No,No,27,Normal
215,Nurse,Cardiology,28,11/6/2022,2,Wednesday,Hospital Network,Desktop,5,6,180,56,No,No,29,Normal
216,Doctor,Emergency,4,9/20/2022,8,Monday,Hospital Network,Tablet,16,0,138,34,No,No,87,Normal
217,Admin Staff,Cardiology,28,4/22/2022,12,Monday,Hospital Network,Tablet,21,5,42,69,No,No,177,Normal
218,Nurse,Neurology,17,4/11/2022,19,Monday,Hospital Network,Desktop,1,1,8,27,No,No,63,Normal
219,Admin Staff,Oncology,19,1/19/2022,5,Friday,Unknown IP,Mobile,27,1,86,12,No,No,104,Normal
220,Admin Staff,Neurology,28,1/5/2022,13,Tuesday,Hospital Network,Mobile,22,2,112,62,No,No,125,Normal
221,Admin Staff,Pediatrics,5,4/1/2022,12,Wednesday,Hospital Network,Mobile,10,3,21,51,No,No,72,Normal
222,Admin Staff,Neurology,24,12/24/2022,12,Tuesday,Hospital Network,Desktop,5,8,273,68,No,No,148,Normal
223,Doctor,Neurology,20,8/9/2022,17,Friday,Remote VPN,Tablet,18,10,45,49,No,No,36,Normal
224,Nurse,Oncology,3,2/18/2022,0,Wednesday,Hospital Network,Desktop,19,3,282,5,Yes,No,100,Normal
225,Admin Staff,Emergency,20,4/23/2022,1,Monday,Hospital Network,Mobile,13,3,127,53,No,No,175,Normal
226,Doctor,Oncology,23,6/28/2022,8,Friday,Unknown IP,Desktop,5,1,110,3,No,No,25,Normal
227,Nurse,Oncology,13,6/21/2022,21,Thursday,Hospital Network,Desktop,22,1,189,46,Yes,No,11,Normal
228,Nurse,Oncology,22,3/10/2022,2,Saturday,Hospital Network,Mobile,26,0,229,24,No,No,55,Normal
229,Admin Staff,Cardiology,10,12/13/2022,19,Monday,Hospital Network,Desktop,27,8,44,70,Yes,No,79,Normal
230,Nurse,Neurology,29,10/13/2022,15,Friday,Unknown IP,Mobile,28,7,36,74,No,No,131,Normal
231,Nurse,Emergency,9,5/31/2022,21,Monday,Hospital Network,Mobile,9,2,291,66,No,No,161,Normal
232,Admin Staff,Neurology,13,11/5/2022,15,Wednesday,Hospital Network,Desktop,23,2,13,35,No,No,118,Normal
233,Doctor,Neurology,21,3/30/2022,12,Tuesday,Hospital Network,Mobile,20,2,97,67,No,No,78,Normal
234,Doctor,Cardiology,12,6/27/2022,15,Saturday,Hospital Network,Desktop,30,1,276,63,No,No,105,Normal
235,Doctor,Emergency,29,7/15/2022,22,Tuesday,Hospital Network,Desktop,6,10,267,10,No,No,146,Normal
236,Doctor,Cardiology,30,9/7/2022,8,Monday,Remote VPN,Tablet,8,5,238,50,No,No,16,Normal
237,Admin Staff,Pediatrics,2,1/15/2022,13,Sunday,Hospital Network,Desktop,22,2,159,20,No,No,161,Normal
238,Admin Staff,Pediatrics,8,4/26/2022,23,Monday,Hospital Network,Tablet,1,9,27,10,No,No,91,Suspicious
239,Nurse,Neurology,13,3/3/2022,9,Friday,Hospital Network,Mobile,18,9,102,61,No,No,23,Normal
240,Nurse,Pediatrics,27,9/29/2022,12,Monday,Hospital Network,Tablet,1,6,12,19,No,No,92,Normal
241,Doctor,Oncology,8,6/27/2022,12,Saturday,Hospital Network,Mobile,15,9,88,54,No,No,48,Normal
242,Admin Staff,Emergency,8,12/16/2022,5,Monday,Hospital Network,Mobile,8,3,115,56,No,No,112,Normal
243,Doctor,Cardiology,12,4/24/2022,15,Wednesday,Hospital Network,Tablet,20,3,170,24,No,No,32,Normal
244,Doctor,Oncology,6,3/16/2022,16,Thursday,Hospital Network,Desktop,29,1,231,35,No,No,82,Normal
245,Nurse,Emergency,2,10/24/2022,18,Sunday,Hospital Network,Tablet,5,3,73,47,No,No,67,Normal
246,Nurse,Neurology,21,1/13/2022,20,Thursday,Hospital Network,Desktop,6,4,258,12,No,No,146,Normal
247,Admin Staff,Pediatrics,27,5/21/2022,13,Wednesday,Remote VPN,Tablet,25,2,136,43,No,No,125,Normal
248,Doctor,Neurology,27,6/26/2022,8,Saturday,Hospital Network,Mobile,21,0,5,32,No,No,63,Normal
249,Doctor,Pediatrics,22,2/11/2022,7,Tuesday,Hospital Network,Tablet,8,4,259,6,No,No,152,Normal
250,Nurse,Cardiology,14,10/22/2022,14,Monday,Hospital Network,Desktop,24,0,297,57,No,No,124,Normal
251,Admin Staff,Pediatrics,10,9/7/2022,8,Saturday,Hospital Network,Mobile,10,7,265,16,Yes,No,153,Normal
252,Admin Staff,Oncology,13,6/8/2022,2,Wednesday,Hospital Network,Desktop,19,10,203,16,No,No,103,Normal
253,Admin Staff,Emergency,29,4/18/2022,4,Saturday,Hospital Network,Mobile,4,6,50,12,Yes,No,132,Normal
254,Nurse,Emergency,2,1/14/2022,5,Friday,Hospital Network,Desktop,29,2,2,6,No,No,160,Normal
255,Nurse,Cardiology,21,5/16/2022,11,Wednesday,Hospital Network,Tablet,17,3,228,50,No,No,73,Normal
256,Nurse,Pediatrics,28,7/18/2022,6,Thursday,Hospital Network,Desktop,17,4,149,52,No,No,66,Normal
257,Doctor,Emergency,27,9/10/2022,4,Sunday,Hospital Network,Tablet,3,8,193,16,No,No,11,Normal
258,Admin Staff,Cardiology,11,5/3/2022,10,Friday,Hospital Network,Desktop,5,9,42,31,No,No,25,Normal
259,Admin Staff,Oncology,25,5/3/2022,13,Friday,Hospital Network,Desktop,23,6,6,1,No,No,114,Normal
260,Nurse,Cardiology,22,3/27/2022,20,Wednesday,Hospital Network,Desktop,15,0,213,73,No,No,88,Normal
261,Nurse,Neurology,11,10/8/2022,10,Friday,Hospital Network,Mobile,29,3,286,63,No,No,151,Normal
262,Admin Staff,Neurology,21,5/7/2022,3,Monday,Hospital Network,Desktop,4,5,216,1,No,No,19,Normal
263,Nurse,Pediatrics,21,6/25/2022,1,Saturday,Hospital Network,Tablet,30,5,28,12,No,No,175,Normal
264,Nurse,Oncology,6,2/17/2022,3,Monday,Hospital Network,Tablet,5,1,283,11,No,No,57,Normal
265,Nurse,Neurology,25,5/7/2022,12,Tuesday,Hospital Network,Tablet,21,1,26,0,No,No,129,Normal
266,Admin Staff,Neurology,14,11/1/2022,11,Wednesday,Hospital Network,Desktop,25,4,238,11,Yes,No,162,Normal
267,Doctor,Pediatrics,1,11/1/2022,2,Monday,Hospital Network,Desktop,28,8,113,76,No,No,140,Normal
268,Doctor,Cardiology,1,4/2/2022,8,Thursday,Hospital Network,Mobile,22,1,73,9,No,No,89,Normal
269,Nurse,Oncology,9,1/10/2022,23,Thursday,Unknown IP,Tablet,14,0,153,18,Yes,No,89,Suspicious
270,Nurse,Neurology,8,8/29/2022,23,Monday,Hospital Network,Tablet,11,0,236,61,No,No,90,Normal
271,Admin Staff,Pediatrics,23,1/30/2022,23,Tuesday,Hospital Network,Tablet,24,4,56,16,No,No,9,Normal
272,Admin Staff,Emergency,8,10/30/2022,2,Monday,Hospital Network,Tablet,18,8,228,74,No,No,165,Normal
273,Nurse,Cardiology,26,8/27/2022,8,Monday,Hospital Network,Mobile,28,6,10,49,No,No,162,Normal
274,Admin Staff,Emergency,10,4/16/2022,16,Tuesday,Hospital Network,Desktop,30,8,72,38,No,No,42,Normal
275,Admin Staff,Emergency,22,6/18/2022,8,Tuesday,Hospital Network,Mobile,4,9,289,59,No,No,81,Normal
276,Admin Staff,Oncology,27,12/8/2022,11,Saturday,Remote VPN,Mobile,29,2,210,59,No,No,173,Normal
277,Doctor,Emergency,14,5/13/2022,9,Monday,Hospital Network,Tablet,7,9,270,66,No,No,75,Normal
278,Admin Staff,Oncology,3,8/10/2022,19,Monday,Hospital Network,Mobile,15,6,178,37,No,No,141,Normal
279,Nurse,Oncology,17,5/12/2022,3,Wednesday,Hospital Network,Desktop,1,0,19,56,No,No,133,Normal
280,Admin Staff,Pediatrics,2,8/22/2022,19,Sunday,Remote VPN,Desktop,6,5,296,31,No,No,153,Normal
281,Nurse,Emergency,20,6/30/2022,16,Saturday,Hospital Network,Tablet,24,3,64,53,No,No,144,Normal
282,Nurse,Neurology,26,7/15/2022,2,Wednesday,Hospital Network,Mobile,22,6,284,55,Yes,No,6,Normal
283,Nurse,Pediatrics,15,5/3/2022,1,Friday,Hospital Network,Desktop,7,5,290,79,No,No,143,Normal
284,Doctor,Emergency,16,1/19/2022,5,Thursday,Hospital Network,Tablet,29,1,189,66,No,No,176,Normal
285,Admin Staff,Pediatrics,17,5/8/2022,22,Sunday,Remote VPN,Tablet,26,2,168,50,No,No,120,Normal
286,Doctor,Emergency,10,11/16/2022,13,Tuesday,Hospital Network,Tablet,12,5,223,38,No,No,61,Normal
287,Doctor,Neurology,21,11/11/2022,8,Thursday,Hospital Network,Mobile,1,9,263,29,No,No,126,Normal
288,Admin Staff,Neurology,30,12/6/2022,17,Sunday,Hospital Network,Tablet,23,0,195,58,No,No,28,Normal
289,Nurse,Cardiology,28,7/22/2022,7,Saturday,Hospital Network,Tablet,22,7,223,64,No,No,77,Normal
290,Admin Staff,Pediatrics,10,3/31/2022,18,Thursday,Hospital Network,Tablet,24,4,135,45,No,No,135,Normal
291,Nurse,Neurology,8,11/17/2022,12,Monday,Hospital Network,Mobile,20,1,43,11,No,No,157,Normal
292,Doctor,Cardiology,11,1/21/2022,19,Friday,Hospital Network,Desktop,26,5,89,76,No,No,11,Normal
293,Doctor,Emergency,5,12/21/2022,1,Wednesday,Hospital Network,Desktop,7,8,218,46,No,No,160,Normal
294,Nurse,Cardiology,27,1/25/2022,14,Wednesday,Hospital Network,Tablet,5,8,54,0,No,No,163,Normal
295,Nurse,Emergency,28,2/24/2022,17,Wednesday,Unknown IP,Mobile,1,7,2,20,No,No,22,Normal
296,Nurse,Neurology,18,10/14/2022,7,Wednesday,Hospital Network,Mobile,3,6,215,10,No,No,12,Normal
297,Nurse,Oncology,22,10/12/2022,4,Friday,Remote VPN,Tablet,29,1,200,36,No,No,28,Normal
298,Doctor,Cardiology,6,10/21/2022,4,Tuesday,Hospital Network,Mobile,1,2,197,22,No,No,42,Suspicious
299,Doctor,Neurology,15,9/14/2022,12,Thursday,Hospital Network,Desktop,9,6,70,61,No,No,119,Normal
300,Nurse,Pediatrics,5,3/6/2022,17,Saturday,Hospital Network,Desktop,8,10,112,70,No,No,93,Normal
301,Admin Staff,Emergency,19,2/27/2022,13,Wednesday,Hospital Network,Tablet,3,5,79,73,No,No,19,Normal
302,Admin Staff,Cardiology,15,5/17/2022,23,Friday,Hospital Network,Desktop,21,4,246,40,No,No,141,Normal
303,Doctor,Emergency,25,5/24/2022,4,Sunday,Hospital Network,Desktop,10,3,1,7,No,No,112,Normal
304,Nurse,Cardiology,7,11/1/2022,6,Tuesday,Hospital Network,Tablet,1,0,95,24,Yes,No,19,Normal
305,Nurse,Pediatrics,14,2/2/2022,0,Friday,Hospital Network,Desktop,1,5,285,2,No,No,164,Normal
306,Doctor,Emergency,6,10/15/2022,1,Sunday,Hospital Network,Mobile,27,10,258,25,No,No,103,Normal
307,Nurse,Pediatrics,27,1/14/2022,7,Thursday,Hospital Network,Tablet,19,8,52,63,No,No,19,Normal
308,Doctor,Oncology,1,7/2/2022,12,Wednesday,Hospital Network,Desktop,26,5,206,76,Yes,No,141,Normal
309,Admin Staff,Cardiology,5,6/2/2022,5,Friday,Hospital Network,Desktop,19,3,190,62,No,No,25,Normal
310,Admin Staff,Oncology,23,11/20/2022,17,Saturday,Hospital Network,Mobile,13,7,256,4,No,No,90,Normal
311,Nurse,Neurology,16,4/13/2022,6,Thursday,Unknown IP,Tablet,19,4,217,18,No,No,21,Normal
312,Doctor,Emergency,5,9/1/2022,19,Saturday,Hospital Network,Tablet,30,6,74,57,Yes,No,159,Normal
313,Nurse,Pediatrics,1,12/12/2022,21,Sunday,Hospital Network,Tablet,29,7,289,33,Yes,No,45,Normal
314,Nurse,Pediatrics,13,8/29/2022,18,Saturday,Hospital Network,Tablet,10,3,200,40,No,No,179,Normal
315,Nurse,Pediatrics,15,1/4/2022,10,Thursday,Remote VPN,Tablet,6,0,136,52,No,No,56,Normal
316,Nurse,Pediatrics,2,7/4/2022,18,Monday,Hospital Network,Desktop,29,9,148,71,No,No,123,Normal
317,Admin Staff,Emergency,27,7/24/2022,19,Friday,Remote VPN,Tablet,29,6,139,73,Yes,No,41,Normal
318,Nurse,Oncology,27,3/18/2022,6,Friday,Hospital Network,Tablet,30,0,143,11,Yes,No,26,Normal
319,Doctor,Pediatrics,30,11/14/2022,14,Saturday,Remote VPN,Desktop,30,8,64,52,No,No,71,Normal
320,Admin Staff,Oncology,30,6/12/2022,9,Sunday,Hospital Network,Mobile,11,0,41,62,No,No,30,Normal
321,Nurse,Neurology,25,2/9/2022,4,Sunday,Hospital Network,Tablet,27,7,35,17,No,No,58,Suspicious
322,Admin Staff,Cardiology,15,1/21/2022,22,Wednesday,Hospital Network,Desktop,4,6,249,27,No,No,73,Normal
323,Nurse,Pediatrics,7,2/19/2022,8,Monday,Hospital Network,Mobile,4,9,37,68,No,No,20,Normal
324,Nurse,Pediatrics,19,1/10/2022,20,Wednesday,Hospital Network,Desktop,9,7,140,33,Yes,No,107,Normal
325,Doctor,Pediatrics,13,7/5/2022,21,Sunday,Hospital Network,Desktop,11,8,149,61,No,No,135,Normal
326,Doctor,Neurology,19,1/31/2022,9,Wednesday,Hospital Network,Mobile,13,4,82,32,No,No,65,Normal
327,Doctor,Neurology,14,4/16/2022,22,Monday,Hospital Network,Desktop,7,10,200,41,No,No,16,Normal
328,Admin Staff,Neurology,20,7/6/2022,17,Friday,Hospital Network,Mobile,15,6,43,17,No,No,103,Normal
329,Admin Staff,Cardiology,30,11/23/2022,0,Sunday,Hospital Network,Tablet,11,1,268,18,Yes,No,159,Normal
330,Nurse,Neurology,30,4/6/2022,13,Thursday,Remote VPN,Mobile,7,0,121,79,No,No,108,Normal
331,Doctor,Oncology,25,10/22/2022,12,Friday,Remote VPN,Tablet,12,4,289,17,No,No,113,Normal
332,Admin Staff,Pediatrics,29,12/21/2022,19,Wednesday,Hospital Network,Mobile,1,8,115,80,No,No,59,Normal
333,Nurse,Emergency,4,7/25/2022,9,Monday,Hospital Network,Tablet,10,10,44,68,No,No,54,Normal
334,Nurse,Cardiology,26,6/28/2022,17,Sunday,Hospital Network,Mobile,6,7,183,55,No,No,83,Normal
335,Admin Staff,Cardiology,12,9/10/2022,8,Sunday,Unknown IP,Mobile,10,6,54,26,Yes,No,117,Normal
336,Doctor,Cardiology,25,9/18/2022,20,Wednesday,Hospital Network,Mobile,13,1,174,67,No,No,148,Normal
337,Doctor,Emergency,1,3/27/2022,2,Friday,Remote VPN,Mobile,25,1,17,21,No,No,7,Normal
338,Admin Staff,Pediatrics,2,8/9/2022,12,Tuesday,Hospital Network,Tablet,20,5,34,67,No,Yes,137,Normal
339,Nurse,Emergency,20,11/10/2022,19,Friday,Remote VPN,Desktop,27,3,28,24,No,No,130,Normal
340,Admin Staff,Neurology,25,1/24/2022,13,Thursday,Hospital Network,Tablet,16,0,137,66,No,No,114,Normal
341,Admin Staff,Oncology,1,5/18/2022,10,Monday,Hospital Network,Tablet,3,3,58,50,No,No,19,Normal
342,Doctor,Emergency,13,7/1/2022,12,Tuesday,Hospital Network,Desktop,15,6,62,15,No,No,156,Normal
343,Doctor,Cardiology,6,11/16/2022,0,Wednesday,Hospital Network,Desktop,6,1,151,43,No,No,75,Normal
344,Admin Staff,Pediatrics,22,10/25/2022,10,Sunday,Hospital Network,Mobile,22,3,158,65,No,No,148,Normal
345,Nurse,Oncology,16,2/10/2022,3,Monday,Hospital Network,Tablet,24,4,208,11,No,No,55,Normal
346,Admin Staff,Oncology,18,3/15/2022,19,Wednesday,Hospital Network,Mobile,13,4,297,49,No,No,156,Normal
347,Doctor,Oncology,2,9/28/2022,11,Monday,Hospital Network,Mobile,23,8,258,4,No,No,96,Normal
348,Nurse,Oncology,20,5/22/2022,12,Sunday,Hospital Network,Mobile,25,2,122,78,No,No,99,Normal
349,Admin Staff,Cardiology,24,3/19/2022,2,Sunday,Hospital Network,Tablet,6,2,79,6,No,No,23,Normal
350,Nurse,Neurology,15,4/18/2022,6,Monday,Hospital Network,Mobile,19,8,226,19,No,No,106,Normal
351,Admin Staff,Neurology,2,10/24/2022,21,Friday,Hospital Network,Desktop,19,0,94,44,No,No,157,Normal
352,Doctor,Oncology,26,9/23/2022,5,Wednesday,Hospital Network,Tablet,7,5,83,56,No,No,104,Normal
353,Nurse,Cardiology,9,5/5/2022,7,Monday,Hospital Network,Tablet,21,7,154,41,No,No,90,Normal
354,Doctor,Neurology,26,2/2/2022,9,Thursday,Hospital Network,Tablet,2,10,36,74,No,No,63,Normal
355,Admin Staff,Neurology,27,5/21/2022,17,Saturday,Hospital Network,Tablet,22,10,109,46,No,No,73,Normal
356,Nurse,Emergency,4,6/30/2022,6,Thursday,Hospital Network,Mobile,24,5,184,41,No,No,17,Normal
357,Admin Staff,Pediatrics,29,10/18/2022,23,Saturday,Hospital Network,Mobile,13,6,213,27,No,No,40,Normal
358,Doctor,Neurology,3,3/25/2022,18,Wednesday,Hospital Network,Desktop,19,0,289,45,No,No,134,Normal
359,Nurse,Emergency,14,8/9/2022,23,Wednesday,Hospital Network,Tablet,29,6,123,19,No,No,24,Normal
360,Doctor,Emergency,21,7/8/2022,5,Saturday,Hospital Network,Mobile,12,2,184,1,No,No,150,Normal
361,Doctor,Cardiology,15,1/18/2022,18,Thursday,Hospital Network,Tablet,7,2,50,38,No,No,139,Normal
362,Admin Staff,Oncology,3,4/17/2022,21,Thursday,Hospital Network,Mobile,3,10,260,56,No,No,138,Normal
363,Admin Staff,Cardiology,13,6/20/2022,10,Monday,Hospital Network,Mobile,26,9,173,80,No,No,44,Suspicious
364,Doctor,Cardiology,7,10/13/2022,13,Saturday,Hospital Network,Tablet,5,7,224,56,No,No,160,Normal
365,Nurse,Emergency,4,10/19/2022,6,Monday,Hospital Network,Desktop,21,0,184,8,No,No,115,Normal
366,Admin Staff,Neurology,5,10/27/2022,2,Tuesday,Hospital Network,Desktop,25,4,219,67,No,No,50,Normal
367,Nurse,Emergency,19,7/30/2022,8,Monday,Unknown IP,Mobile,14,1,84,32,No,No,115,Normal
368,Doctor,Cardiology,17,1/22/2022,1,Tuesday,Hospital Network,Tablet,16,3,63,24,Yes,No,132,Normal
369,Doctor,Pediatrics,24,11/9/2022,15,Friday,Hospital Network,Tablet,18,10,57,75,No,No,74,Normal
370,Admin Staff,Oncology,17,8/16/2022,1,Monday,Hospital Network,Tablet,1,3,135,71,No,No,12,Normal
371,Doctor,Oncology,21,5/21/2022,9,Saturday,Hospital Network,Tablet,26,7,27,0,No,No,36,Normal
372,Doctor,Emergency,24,12/23/2022,19,Tuesday,Unknown IP,Desktop,25,4,66,71,No,No,99,Normal
373,Doctor,Pediatrics,16,9/9/2022,1,Thursday,Hospital Network,Mobile,26,0,51,29,No,No,177,Normal
374,Doctor,Cardiology,24,1/17/2022,9,Wednesday,Hospital Network,Tablet,22,1,25,37,No,No,31,Normal
375,Nurse,Emergency,2,10/4/2022,2,Wednesday,Unknown IP,Tablet,4,6,280,64,No,No,160,Normal
376,Admin Staff,Oncology,9,10/27/2022,16,Friday,Hospital Network,Mobile,28,6,45,19,No,Yes,167,Normal
377,Nurse,Neurology,14,1/3/2022,11,Friday,Hospital Network,Tablet,8,8,217,77,No,No,148,Normal
378,Nurse,Neurology,9,9/23/2022,4,Thursday,Unknown IP,Tablet,11,10,147,64,No,No,162,Normal
379,Nurse,Cardiology,7,4/28/2022,5,Sunday,Hospital Network,Mobile,14,0,212,44,No,No,140,Normal
380,Nurse,Pediatrics,15,12/6/2022,7,Monday,Remote VPN,Desktop,9,1,144,67,No,Yes,163,Normal
381,Doctor,Cardiology,27,4/26/2022,3,Friday,Remote VPN,Desktop,20,7,45,57,No,No,176,Normal
382,Admin Staff,Emergency,4,5/14/2022,9,Wednesday,Hospital Network,Mobile,5,10,4,20,Yes,No,77,Normal
383,Nurse,Cardiology,13,12/12/2022,14,Sunday,Hospital Network,Tablet,23,6,249,31,No,No,136,Normal
384,Doctor,Cardiology,8,1/5/2022,17,Saturday,Hospital Network,Desktop,22,3,181,53,No,Yes,73,Normal
385,Doctor,Pediatrics,30,6/24/2022,13,Tuesday,Hospital Network,Mobile,12,2,250,14,No,No,89,Normal
386,Admin Staff,Neurology,12,4/9/2022,1,Sunday,Hospital Network,Desktop,14,10,160,35,No,No,69,Suspicious
387,Admin Staff,Cardiology,19,3/9/2022,21,Monday,Hospital Network,Mobile,19,7,219,71,No,No,30,Normal
388,Doctor,Neurology,4,3/2/2022,16,Monday,Hospital Network,Tablet,25,0,281,73,No,No,44,Normal
389,Admin Staff,Emergency,7,8/29/2022,5,Monday,Hospital Network,Mobile,7,6,26,15,No,No,43,Normal
390,Nurse,Pediatrics,28,4/12/2022,13,Saturday,Hospital Network,Tablet,13,7,284,63,No,Yes,89,Normal
391,Doctor,Oncology,8,3/12/2022,11,Saturday,Hospital Network,Desktop,2,3,221,73,No,No,106,Suspicious
392,Nurse,Pediatrics,28,12/27/2022,1,Wednesday,Hospital Network,Tablet,26,9,130,15,No,Yes,75,Normal
393,Admin Staff,Cardiology,3,12/25/2022,5,Saturday,Hospital Network,Mobile,27,2,220,55,No,No,171,Normal
394,Admin Staff,Emergency,19,7/4/2022,14,Sunday,Hospital Network,Tablet,7,5,270,62,No,No,176,Normal
395,Doctor,Neurology,24,6/21/2022,8,Tuesday,Hospital Network,Mobile,20,2,290,31,No,No,37,Normal
396,Nurse,Cardiology,17,7/28/2022,21,Tuesday,Unknown IP,Tablet,10,3,34,29,No,Yes,7,Normal
397,Doctor,Emergency,4,4/21/2022,12,Thursday,Hospital Network,Desktop,10,8,7,56,No,No,176,Normal
398,Doctor,Neurology,26,8/7/2022,16,Thursday,Hospital Network,Mobile,28,2,292,18,No,No,21,Normal
399,Admin Staff,Oncology,29,1/31/2022,9,Sunday,Hospital Network,Desktop,11,5,24,11,No,No,44,Normal
400,Nurse,Pediatrics,30,8/17/2022,9,Monday,Unknown IP,Tablet,10,7,207,0,No,No,17,Normal
401,Nurse,Pediatrics,9,8/6/2022,5,Wednesday,Remote VPN,Mobile,13,8,213,31,No,No,58,Normal
402,Admin Staff,Neurology,10,12/2/2022,23,Friday,Hospital Network,Desktop,6,0,32,71,No,No,161,Normal
403,Doctor,Neurology,22,5/30/2022,6,Sunday,Remote VPN,Tablet,15,6,58,66,No,No,120,Normal
404,Doctor,Neurology,25,8/25/2022,2,Monday,Hospital Network,Desktop,16,8,261,48,No,No,41,Normal
405,Doctor,Neurology,13,11/15/2022,22,Friday,Remote VPN,Tablet,16,4,137,9,No,No,35,Normal
406,Nurse,Emergency,25,11/11/2022,17,Wednesday,Hospital Network,Desktop,26,1,108,6,No,No,11,Normal
407,Doctor,Pediatrics,23,8/31/2022,6,Thursday,Hospital Network,Desktop,5,1,16,54,No,No,141,Normal
408,Doctor,Pediatrics,14,12/14/2022,1,Sunday,Hospital Network,Tablet,13,1,164,79,No,No,109,Normal
409,Doctor,Neurology,23,11/6/2022,12,Friday,Remote VPN,Tablet,4,9,74,21,No,No,174,Normal
410,Doctor,Cardiology,4,7/1/2022,17,Friday,Hospital Network,Tablet,29,8,269,25,No,No,115,Normal
411,Nurse,Cardiology,29,2/21/2022,6,Wednesday,Hospital Network,Mobile,12,4,192,40,No,No,39,Normal
412,Admin Staff,Cardiology,10,3/23/2022,9,Friday,Hospital Network,Tablet,28,6,249,60,No,No,110,Normal
413,Doctor,Neurology,6,7/10/2022,3,Monday,Hospital Network,Desktop,1,10,231,78,No,No,176,Normal
414,Admin Staff,Emergency,8,3/27/2022,16,Tuesday,Hospital Network,Desktop,15,4,133,28,No,No,85,Normal
415,Admin Staff,Neurology,25,10/11/2022,7,Tuesday,Remote VPN,Tablet,13,3,15,69,No,No,158,Normal
416,Doctor,Emergency,25,12/2/2022,5,Wednesday,Hospital Network,Desktop,9,3,216,72,No,No,130,Normal
417,Doctor,Emergency,19,5/3/2022,7,Saturday,Hospital Network,Tablet,29,10,92,45,No,No,136,Normal
418,Doctor,Oncology,22,7/22/2022,19,Saturday,Hospital Network,Mobile,10,5,70,31,No,No,109,Normal
419,Doctor,Emergency,26,6/18/2022,7,Monday,Hospital Network,Tablet,18,7,136,67,No,No,119,Normal
420,Nurse,Cardiology,17,2/26/2022,11,Saturday,Hospital Network,Tablet,8,7,20,4,No,No,7,Normal
421,Nurse,Emergency,22,5/2/2022,11,Friday,Hospital Network,Tablet,30,2,183,38,No,No,44,Normal
422,Nurse,Oncology,8,12/10/2022,7,Wednesday,Hospital Network,Desktop,2,7,97,29,No,No,34,Normal
423,Doctor,Emergency,24,11/26/2022,23,Tuesday,Hospital Network,Desktop,13,6,167,10,No,No,173,Normal
424,Nurse,Emergency,26,8/16/2022,20,Wednesday,Hospital Network,Mobile,8,8,23,5,No,Yes,148,Normal
425,Admin Staff,Emergency,26,9/8/2022,15,Sunday,Hospital Network,Tablet,10,10,194,42,Yes,No,179,Normal
426,Doctor,Emergency,4,2/4/2022,8,Wednesday,Remote VPN,Desktop,16,4,248,1,No,No,167,Normal
427,Nurse,Neurology,26,10/1/2022,2,Friday,Hospital Network,Desktop,9,4,32,6,No,No,112,Normal
428,Nurse,Pediatrics,1,6/1/2022,11,Thursday,Hospital Network,Desktop,25,8,104,9,No,No,62,Normal
429,Nurse,Cardiology,30,8/9/2022,23,Friday,Hospital Network,Mobile,15,3,196,32,No,No,162,Normal
430,Doctor,Oncology,8,12/26/2022,4,Thursday,Hospital Network,Tablet,26,10,106,23,No,No,143,Normal
431,Doctor,Neurology,8,3/28/2022,3,Wednesday,Hospital Network,Desktop,12,5,26,41,No,No,31,Normal
432,Doctor,Emergency,5,4/25/2022,4,Sunday,Hospital Network,Desktop,15,7,34,38,No,No,54,Normal
433,Doctor,Pediatrics,29,1/4/2022,1,Tuesday,Hospital Network,Mobile,21,0,226,58,No,Yes,10,Normal
434,Admin Staff,Oncology,23,8/18/2022,11,Saturday,Hospital Network,Mobile,12,8,264,66,No,No,5,Normal
435,Nurse,Cardiology,18,8/4/2022,11,Thursday,Hospital Network,Tablet,9,1,246,12,Yes,No,80,Normal
436,Nurse,Oncology,9,1/11/2022,12,Thursday,Remote VPN,Tablet,8,7,101,25,No,No,108,Normal
437,Admin Staff,Pediatrics,23,4/24/2022,15,Saturday,Hospital Network,Tablet,4,1,289,56,No,No,101,Normal
438,Nurse,Cardiology,14,4/29/2022,3,Sunday,Hospital Network,Mobile,14,3,168,70,No,No,22,Normal
439,Nurse,Emergency,30,11/22/2022,2,Sunday,Hospital Network,Mobile,6,5,136,9,No,No,94,Normal
440,Nurse,Oncology,24,4/3/2022,3,Monday,Hospital Network,Mobile,30,3,212,53,Yes,No,37,Normal
441,Admin Staff,Cardiology,10,8/10/2022,14,Sunday,Hospital Network,Tablet,19,8,115,69,No,No,10,Normal
442,Admin Staff,Neurology,17,7/5/2022,18,Thursday,Hospital Network,Mobile,25,8,26,61,No,No,125,Suspicious
443,Doctor,Oncology,24,12/26/2022,11,Friday,Hospital Network,Tablet,15,2,14,3,No,No,97,Normal
444,Doctor,Cardiology,14,1/3/2022,0,Monday,Hospital Network,Mobile,22,6,210,29,No,No,88,Normal
445,Nurse,Neurology,12,4/8/2022,19,Wednesday,Hospital Network,Mobile,13,5,261,56,No,No,151,Normal
446,Admin Staff,Neurology,17,8/16/2022,23,Friday,Hospital Network,Desktop,25,6,259,45,No,No,24,Normal
447,Admin Staff,Emergency,8,12/10/2022,6,Tuesday,Hospital Network,Tablet,28,1,21,65,No,Yes,158,Normal
448,Nurse,Neurology,27,12/11/2022,16,Monday,Hospital Network,Mobile,29,3,268,24,No,No,5,Normal
449,Doctor,Cardiology,16,3/25/2022,19,Saturday,Remote VPN,Desktop,17,6,131,27,No,No,64,Normal
450,Nurse,Cardiology,12,7/27/2022,7,Wednesday,Hospital Network,Mobile,3,2,44,59,No,No,29,Normal
451,Admin Staff,Cardiology,1,10/14/2022,3,Monday,Hospital Network,Mobile,15,6,284,45,No,No,102,Normal
452,Nurse,Oncology,10,11/3/2022,16,Sunday,Hospital Network,Desktop,28,5,167,45,No,No,10,Normal
453,Nurse,Cardiology,11,4/20/2022,19,Tuesday,Hospital Network,Tablet,22,8,89,12,No,No,10,Normal
454,Admin Staff,Oncology,19,6/6/2022,17,Wednesday,Unknown IP,Mobile,22,2,103,41,No,No,122,Normal
455,Admin Staff,Neurology,14,8/31/2022,3,Friday,Remote VPN,Tablet,22,9,200,22,No,No,19,Normal
456,Admin Staff,Pediatrics,13,1/4/2022,19,Wednesday,Remote VPN,Tablet,23,2,252,53,No,No,77,Normal
457,Doctor,Pediatrics,2,8/16/2022,9,Friday,Hospital Network,Desktop,2,9,300,72,No,Yes,104,Normal
458,Nurse,Emergency,16,8/10/2022,15,Sunday,Hospital Network,Mobile,27,9,272,60,No,No,7,Normal
459,Nurse,Neurology,22,6/12/2022,7,Friday,Remote VPN,Tablet,18,3,254,14,No,No,22,Normal
460,Nurse,Neurology,10,11/18/2022,23,Tuesday,Hospital Network,Desktop,19,6,246,39,No,No,168,Normal
461,Nurse,Emergency,24,7/13/2022,10,Sunday,Hospital Network,Tablet,27,7,124,33,No,No,157,Normal
462,Nurse,Pediatrics,6,11/26/2022,14,Wednesday,Unknown IP,Mobile,21,5,255,72,No,No,34,Normal
463,Admin Staff,Oncology,6,7/7/2022,3,Thursday,Hospital Network,Tablet,17,2,58,31,No,Yes,13,Normal
464,Doctor,Pediatrics,2,1/29/2022,2,Saturday,Hospital Network,Desktop,3,1,201,45,No,No,47,Normal
465,Nurse,Emergency,18,10/15/2022,1,Saturday,Hospital Network,Tablet,6,7,86,67,No,No,145,Normal
466,Admin Staff,Oncology,1,3/2/2022,7,Wednesday,Hospital Network,Desktop,24,7,144,34,No,No,80,Normal
467,Nurse,Emergency,4,1/21/2022,13,Tuesday,Unknown IP,Desktop,16,5,98,76,No,No,37,Normal
468,Doctor,Pediatrics,30,4/13/2022,16,Friday,Hospital Network,Tablet,11,2,243,22,No,No,142,Normal
469,Nurse,Emergency,14,3/19/2022,7,Sunday,Hospital Network,Tablet,24,1,221,1,No,No,160,Suspicious
470,Doctor,Oncology,10,6/7/2022,1,Thursday,Unknown IP,Tablet,27,6,105,34,No,Yes,134,Normal
471,Doctor,Cardiology,22,9/14/2022,16,Wednesday,Remote VPN,Tablet,15,5,198,5,No,No,119,Normal
472,Nurse,Pediatrics,8,7/14/2022,22,Wednesday,Hospital Network,Desktop,14,6,215,40,No,No,40,Normal
473,Nurse,Oncology,1,9/28/2022,10,Wednesday,Hospital Network,Mobile,11,2,126,23,No,No,121,Normal
474,Nurse,Pediatrics,27,10/14/2022,15,Monday,Hospital Network,Mobile,25,1,149,7,No,No,174,Normal
475,Admin Staff,Neurology,6,5/1/2022,15,Wednesday,Hospital Network,Tablet,6,8,167,26,No,No,156,Normal
476,Admin Staff,Oncology,19,6/17/2022,15,Friday,Hospital Network,Tablet,16,2,46,35,No,No,161,Normal
477,Admin Staff,Emergency,23,11/23/2022,16,Tuesday,Hospital Network,Mobile,9,7,261,10,No,No,122,Normal
478,Nurse,Oncology,27,4/26/2022,3,Sunday,Hospital Network,Desktop,27,1,243,62,No,No,98,Normal
479,Admin Staff,Cardiology,10,2/25/2022,10,Monday,Remote VPN,Mobile,8,8,223,7,No,No,152,Normal
480,Doctor,Neurology,21,7/5/2022,8,Monday,Hospital Network,Mobile,20,8,224,55,No,No,111,Normal
481,Doctor,Cardiology,20,11/3/2022,17,Friday,Hospital Network,Tablet,11,4,180,1,No,No,48,Normal
482,Admin Staff,Neurology,15,7/14/2022,15,Saturday,Hospital Network,Desktop,7,4,288,40,No,No,112,Normal
483,Doctor,Cardiology,2,3/6/2022,20,Friday,Hospital Network,Desktop,6,8,39,63,No,No,53,Normal
484,Doctor,Emergency,5,7/20/2022,22,Saturday,Hospital Network,Mobile,4,2,55,38,No,No,36,Normal
485,Doctor,Oncology,9,1/28/2022,18,Tuesday,Hospital Network,Tablet,23,10,216,17,No,No,83,Normal
486,Admin Staff,Pediatrics,1,5/26/2022,14,Sunday,Hospital Network,Tablet,10,2,260,72,No,No,17,Normal
487,Admin Staff,Emergency,25,4/3/2022,4,Thursday,Hospital Network,Tablet,4,4,128,29,No,No,162,Normal
488,Admin Staff,Oncology,2,1/2/2022,11,Wednesday,Hospital Network,Mobile,20,6,219,23,No,No,74,Normal
489,Nurse,Pediatrics,13,6/28/2022,7,Friday,Hospital Network,Desktop,18,0,200,15,No,No,85,Normal
490,Admin Staff,Emergency,30,5/4/2022,18,Tuesday,Remote VPN,Desktop,30,0,238,12,No,No,29,Normal
491,Nurse,Cardiology,15,8/17/2022,3,Friday,Hospital Network,Desktop,8,6,243,54,Yes,No,22,Normal
492,Nurse,Pediatrics,22,10/31/2022,12,Saturday,Hospital Network,Tablet,20,6,209,17,No,No,81,Normal
493,Doctor,Cardiology,23,8/30/2022,1,Sunday,Hospital Network,Tablet,7,1,207,24,No,No,89,Normal
494,Admin Staff,Emergency,27,7/4/2022,0,Friday,Remote VPN,Mobile,13,2,72,57,No,No,40,Normal
495,Nurse,Oncology,30,11/22/2022,2,Sunday,Remote VPN,Desktop,4,1,186,50,No,No,14,Normal
496,Doctor,Neurology,24,7/27/2022,2,Tuesday,Hospital Network,Desktop,23,5,155,9,No,No,162,Normal
497,Admin Staff,Pediatrics,13,7/24/2022,23,Friday,Hospital Network,Desktop,8,3,31,80,No,Yes,113,Normal
498,Admin Staff,Emergency,25,9/11/2022,6,Tuesday,Hospital Network,Desktop,16,5,144,32,No,No,172,Normal
499,Admin Staff,Oncology,8,1/20/2022,14,Tuesday,Hospital Network,Desktop,7,5,293,48,No,No,137,Normal
500,Admin Staff,Cardiology,12,9/12/2022,10,Sunday,Remote VPN,Tablet,1,3,264,17,No,No,85,Normal
501,Doctor,Emergency,29,2/20/2022,10,Monday,Hospital Network,Desktop,27,10,45,47,No,No,134,Normal
502,Doctor,Oncology,13,2/25/2022,8,Sunday,Hospital Network,Desktop,10,4,31,58,No,No,39,Normal
503,Admin Staff,Emergency,19,11/24/2022,19,Sunday,Hospital Network,Mobile,18,9,30,41,No,No,124,Normal
504,Doctor,Neurology,23,1/25/2022,14,Tuesday,Remote VPN,Desktop,23,8,89,36,No,No,46,Suspicious
505,Admin Staff,Neurology,15,7/7/2022,4,Monday,Unknown IP,Desktop,27,6,115,71,No,No,38,Normal
506,Doctor,Pediatrics,4,3/10/2022,17,Sunday,Remote VPN,Tablet,15,5,122,77,No,No,115,Normal
507,Doctor,Neurology,30,7/14/2022,20,Sunday,Hospital Network,Mobile,10,10,43,13,No,No,141,Normal
508,Doctor,Oncology,12,3/23/2022,19,Tuesday,Hospital Network,Desktop,13,9,247,43,No,No,27,Normal
509,Admin Staff,Emergency,11,9/7/2022,2,Monday,Hospital Network,Desktop,14,9,172,60,No,No,174,Normal
510,Nurse,Pediatrics,24,2/1/2022,5,Thursday,Hospital Network,Mobile,18,4,287,79,No,No,51,Normal
511,Nurse,Emergency,27,9/10/2022,13,Thursday,Hospital Network,Desktop,5,1,163,19,No,No,92,Normal
512,Nurse,Oncology,27,7/26/2022,5,Monday,Hospital Network,Tablet,17,2,137,66,No,No,26,Normal
513,Nurse,Oncology,28,10/15/2022,16,Wednesday,Hospital Network,Desktop,15,8,210,45,No,No,152,Normal
514,Nurse,Pediatrics,14,2/4/2022,22,Wednesday,Hospital Network,Desktop,25,5,175,17,Yes,No,84,Normal
515,Admin Staff,Pediatrics,22,2/12/2022,13,Thursday,Hospital Network,Mobile,23,10,30,11,No,No,96,Normal
516,Doctor,Oncology,20,4/15/2022,13,Saturday,Hospital Network,Tablet,12,5,266,30,No,Yes,164,Normal
517,Nurse,Oncology,21,9/16/2022,21,Thursday,Hospital Network,Mobile,6,3,215,8,No,No,83,Normal
518,Admin Staff,Pediatrics,17,8/24/2022,18,Sunday,Hospital Network,Tablet,11,2,266,64,No,No,164,Suspicious
519,Doctor,Pediatrics,11,7/1/2022,0,Tuesday,Remote VPN,Desktop,8,10,63,76,No,No,34,Normal
520,Nurse,Oncology,26,9/8/2022,0,Saturday,Hospital Network,Desktop,14,4,247,59,No,No,161,Normal
521,Nurse,Pediatrics,28,4/11/2022,19,Friday,Hospital Network,Tablet,22,3,44,16,No,No,123,Normal
522,Doctor,Oncology,4,5/27/2022,22,Friday,Hospital Network,Desktop,22,2,214,26,No,No,158,Normal
523,Nurse,Oncology,13,4/3/2022,23,Friday,Hospital Network,Mobile,2,6,110,68,No,No,177,Normal
524,Admin Staff,Pediatrics,30,8/27/2022,2,Monday,Hospital Network,Mobile,18,4,36,59,No,No,85,Normal
525,Nurse,Cardiology,8,9/5/2022,23,Friday,Hospital Network,Mobile,4,8,48,23,No,Yes,169,Normal
526,Doctor,Cardiology,7,10/19/2022,11,Wednesday,Remote VPN,Desktop,25,1,205,20,No,No,78,Normal
527,Doctor,Neurology,1,8/22/2022,16,Monday,Hospital Network,Desktop,8,5,116,7,No,No,59,Normal
528,Admin Staff,Pediatrics,24,10/9/2022,22,Saturday,Hospital Network,Mobile,9,5,21,27,No,No,48,Normal
529,Doctor,Pediatrics,23,2/16/2022,5,Sunday,Hospital Network,Desktop,20,6,155,68,No,Yes,63,Normal
530,Admin Staff,Pediatrics,4,7/17/2022,8,Saturday,Remote VPN,Tablet,1,9,4,76,No,No,126,Normal
531,Admin Staff,Emergency,11,1/7/2022,13,Tuesday,Hospital Network,Mobile,12,10,254,20,No,No,80,Normal
532,Nurse,Neurology,20,5/10/2022,13,Saturday,Unknown IP,Tablet,7,0,27,43,No,No,128,Normal
533,Doctor,Neurology,1,7/12/2022,18,Monday,Hospital Network,Tablet,14,2,14,44,No,Yes,25,Normal
534,Nurse,Pediatrics,12,9/7/2022,16,Wednesday,Hospital Network,Tablet,16,8,190,80,No,No,110,Normal
535,Nurse,Oncology,17,2/5/2022,23,Tuesday,Hospital Network,Desktop,18,4,137,56,No,No,101,Normal
536,Admin Staff,Cardiology,18,4/5/2022,20,Wednesday,Hospital Network,Mobile,21,0,195,52,No,No,46,Normal
537,Doctor,Pediatrics,8,3/30/2022,11,Tuesday,Hospital Network,Desktop,25,4,115,57,Yes,No,44,Normal
538,Doctor,Neurology,3,9/17/2022,9,Thursday,Hospital Network,Desktop,2,2,248,63,No,No,105,Normal
539,Nurse,Pediatrics,28,4/11/2022,6,Sunday,Hospital Network,Tablet,20,8,21,27,No,Yes,46,Normal
540,Admin Staff,Oncology,12,1/27/2022,21,Monday,Remote VPN,Tablet,22,5,120,48,No,No,179,Normal
541,Nurse,Neurology,24,9/21/2022,10,Sunday,Hospital Network,Mobile,28,5,196,37,No,No,34,Normal
542,Admin Staff,Neurology,29,5/23/2022,1,Sunday,Hospital Network,Tablet,16,9,52,75,No,No,165,Normal
543,Nurse,Oncology,29,5/2/2022,7,Monday,Hospital Network,Tablet,19,2,150,23,No,No,6,Normal
544,Admin Staff,Emergency,14,12/21/2022,1,Monday,Hospital Network,Mobile,26,5,267,50,No,No,22,Normal
545,Doctor,Neurology,8,10/6/2022,11,Friday,Hospital Network,Desktop,7,5,7,76,Yes,No,105,Normal
546,Admin Staff,Oncology,2,3/30/2022,5,Sunday,Hospital Network,Desktop,17,6,147,26,No,No,17,Normal
547,Nurse,Neurology,13,3/30/2022,22,Wednesday,Unknown IP,Tablet,2,3,130,36,No,No,176,Normal
548,Admin Staff,Emergency,25,2/17/2022,0,Thursday,Hospital Network,Tablet,3,8,13,14,No,No,66,Normal
549,Doctor,Oncology,14,3/4/2022,14,Monday,Hospital Network,Desktop,28,1,237,36,Yes,No,125,Normal
550,Nurse,Oncology,16,4/28/2022,4,Saturday,Remote VPN,Mobile,24,8,11,69,No,Yes,105,Normal
551,Nurse,Oncology,15,8/23/2022,14,Thursday,Hospital Network,Desktop,24,5,231,60,No,No,125,Normal
552,Doctor,Pediatrics,20,9/8/2022,18,Thursday,Hospital Network,Mobile,20,10,230,17,No,No,124,Suspicious
553,Doctor,Oncology,1,5/6/2022,18,Thursday,Remote VPN,Tablet,10,2,55,49,No,No,59,Normal
554,Admin Staff,Neurology,5,4/27/2022,22,Wednesday,Hospital Network,Tablet,15,0,90,66,No,No,41,Normal
555,Doctor,Neurology,7,10/21/2022,15,Wednesday,Unknown IP,Desktop,19,3,64,48,No,No,15,Normal
556,Doctor,Cardiology,27,9/14/2022,21,Monday,Hospital Network,Tablet,7,7,255,44,No,No,147,Normal
557,Doctor,Emergency,26,10/12/2022,11,Tuesday,Unknown IP,Mobile,24,8,182,80,No,No,177,Normal
558,Admin Staff,Pediatrics,2,2/28/2022,9,Sunday,Hospital Network,Tablet,30,1,176,27,No,No,112,Normal
559,Doctor,Pediatrics,21,3/19/2022,9,Friday,Hospital Network,Mobile,15,3,293,24,No,No,56,Normal
560,Admin Staff,Oncology,3,2/20/2022,11,Wednesday,Hospital Network,Tablet,7,0,272,26,No,No,40,Normal
561,Admin Staff,Pediatrics,26,1/22/2022,6,Thursday,Hospital Network,Mobile,11,4,181,72,No,No,80,Normal
562,Doctor,Pediatrics,5,5/20/2022,18,Monday,Hospital Network,Mobile,29,8,183,18,No,No,100,Normal
563,Admin Staff,Cardiology,18,6/1/2022,10,Wednesday,Remote VPN,Mobile,2,1,87,26,No,No,50,Normal
564,Doctor,Oncology,19,11/7/2022,12,Friday,Remote VPN,Desktop,20,7,194,75,Yes,No,65,Normal
565,Admin Staff,Oncology,7,1/25/2022,11,Sunday,Hospital Network,Desktop,6,6,69,25,No,No,38,Normal
566,Nurse,Cardiology,7,9/2/2022,8,Monday,Hospital Network,Desktop,7,1,138,45,Yes,No,145,Normal
567,Nurse,Emergency,17,7/7/2022,21,Thursday,Hospital Network,Mobile,14,8,95,38,No,No,97,Normal
568,Nurse,Oncology,10,11/13/2022,11,Saturday,Hospital Network,Tablet,15,6,181,37,No,No,75,Normal
569,Doctor,Oncology,17,9/30/2022,7,Thursday,Hospital Network,Tablet,13,4,253,32,No,No,79,Normal
570,Nurse,Oncology,23,2/13/2022,16,Saturday,Remote VPN,Tablet,7,2,92,0,No,No,19,Normal
571,Nurse,Pediatrics,6,4/7/2022,3,Tuesday,Hospital Network,Desktop,4,7,273,13,No,No,168,Normal
572,Doctor,Oncology,30,4/14/2022,18,Tuesday,Hospital Network,Desktop,29,3,229,55,Yes,No,168,Normal
573,Admin Staff,Pediatrics,18,5/21/2022,8,Sunday,Remote VPN,Desktop,22,5,213,65,No,No,80,Normal
574,Nurse,Oncology,9,11/15/2022,0,Monday,Hospital Network,Mobile,21,1,223,51,No,No,70,Normal
575,Admin Staff,Cardiology,3,8/1/2022,7,Tuesday,Remote VPN,Tablet,18,0,296,44,No,No,123,Normal
576,Admin Staff,Emergency,14,7/18/2022,11,Thursday,Hospital Network,Desktop,25,8,233,38,No,No,115,Normal
577,Nurse,Oncology,27,8/1/2022,8,Friday,Hospital Network,Mobile,19,10,161,24,No,No,116,Normal
578,Admin Staff,Emergency,20,12/16/2022,18,Sunday,Hospital Network,Mobile,3,9,187,55,No,No,20,Normal
579,Doctor,Pediatrics,12,1/19/2022,23,Saturday,Hospital Network,Mobile,8,6,82,56,No,No,31,Normal
580,Doctor,Oncology,6,11/17/2022,19,Wednesday,Hospital Network,Mobile,8,3,119,80,No,No,80,Normal
581,Doctor,Emergency,21,2/10/2022,5,Thursday,Hospital Network,Tablet,24,1,261,56,No,No,66,Normal
582,Nurse,Neurology,27,10/30/2022,13,Wednesday,Remote VPN,Tablet,24,0,277,73,No,No,112,Normal
583,Doctor,Emergency,11,12/6/2022,20,Monday,Hospital Network,Mobile,6,10,71,61,No,No,58,Normal
584,Admin Staff,Emergency,11,11/30/2022,11,Thursday,Unknown IP,Desktop,8,1,213,31,No,No,39,Normal
585,Doctor,Neurology,30,2/2/2022,2,Saturday,Hospital Network,Desktop,2,4,89,48,No,No,10,Normal
586,Doctor,Oncology,21,9/12/2022,4,Tuesday,Hospital Network,Desktop,9,0,144,56,No,No,114,Normal
587,Admin Staff,Emergency,5,11/16/2022,5,Friday,Hospital Network,Tablet,10,10,156,33,No,No,177,Normal
588,Admin Staff,Cardiology,22,8/10/2022,22,Monday,Hospital Network,Tablet,10,8,46,6,No,No,115,Normal
589,Admin Staff,Oncology,27,8/22/2022,9,Monday,Hospital Network,Desktop,9,6,203,24,No,No,81,Normal
590,Nurse,Neurology,17,10/22/2022,7,Wednesday,Hospital Network,Mobile,13,4,56,56,No,No,140,Normal
591,Doctor,Neurology,19,3/16/2022,2,Monday,Hospital Network,Tablet,19,5,224,68,Yes,No,141,Normal
592,Doctor,Emergency,29,3/16/2022,7,Tuesday,Hospital Network,Tablet,15,2,298,55,No,No,130,Normal
593,Admin Staff,Pediatrics,3,6/20/2022,0,Thursday,Remote VPN,Desktop,23,4,191,77,No,Yes,128,Normal
594,Admin Staff,Oncology,20,7/18/2022,1,Saturday,Hospital Network,Tablet,12,5,158,28,No,No,16,Normal
595,Nurse,Pediatrics,29,10/14/2022,2,Wednesday,Remote VPN,Desktop,28,7,5,47,No,No,47,Normal
596,Doctor,Neurology,9,2/14/2022,1,Saturday,Hospital Network,Mobile,16,7,101,31,No,No,141,Normal
597,Doctor,Emergency,6,3/22/2022,3,Wednesday,Hospital Network,Tablet,23,10,109,4,No,No,180,Normal
598,Nurse,Oncology,8,8/24/2022,5,Sunday,Hospital Network,Tablet,4,9,62,76,No,No,71,Normal
599,Doctor,Emergency,29,8/13/2022,21,Tuesday,Hospital Network,Mobile,5,5,2,40,No,No,139,Normal
600,Nurse,Emergency,14,10/8/2022,12,Wednesday,Hospital Network,Tablet,6,2,299,72,No,No,146,Normal
601,Nurse,Emergency,23,10/1/2022,16,Tuesday,Hospital Network,Mobile,10,1,244,49,No,No,98,Normal
602,Doctor,Cardiology,12,9/12/2022,7,Tuesday,Remote VPN,Mobile,12,6,19,59,No,No,40,Normal
603,Admin Staff,Neurology,16,6/1/2022,13,Saturday,Remote VPN,Tablet,6,2,93,9,No,No,161,Normal
604,Admin Staff,Oncology,24,10/30/2022,3,Sunday,Hospital Network,Desktop,14,8,27,72,No,No,76,Normal
605,Admin Staff,Pediatrics,11,1/21/2022,20,Sunday,Hospital Network,Desktop,23,6,77,58,No,No,147,Normal
606,Doctor,Neurology,7,5/16/2022,20,Thursday,Hospital Network,Desktop,30,6,260,67,No,Yes,141,Normal
607,Doctor,Neurology,10,4/15/2022,0,Wednesday,Hospital Network,Desktop,12,8,271,31,Yes,No,63,Normal
608,Nurse,Neurology,17,4/18/2022,16,Wednesday,Remote VPN,Tablet,29,10,45,20,No,No,16,Normal
609,Nurse,Neurology,12,9/18/2022,5,Saturday,Hospital Network,Mobile,11,8,163,58,No,No,26,Normal
610,Nurse,Pediatrics,24,6/3/2022,10,Saturday,Remote VPN,Desktop,13,6,44,27,No,No,168,Normal
611,Doctor,Cardiology,13,9/24/2022,11,Sunday,Hospital Network,Mobile,17,9,224,5,No,No,142,Normal
612,Doctor,Pediatrics,9,3/21/2022,9,Sunday,Hospital Network,Tablet,9,10,225,62,No,No,128,Normal
613,Doctor,Neurology,17,3/26/2022,21,Friday,Remote VPN,Tablet,29,8,158,14,No,No,14,Normal
614,Doctor,Cardiology,7,10/25/2022,2,Friday,Hospital Network,Mobile,16,6,206,48,No,No,33,Normal
615,Admin Staff,Cardiology,20,10/11/2022,10,Tuesday,Hospital Network,Tablet,25,0,23,47,Yes,No,147,Normal
616,Admin Staff,Pediatrics,9,10/14/2022,1,Sunday,Hospital Network,Mobile,2,1,43,50,No,Yes,158,Suspicious
617,Admin Staff,Cardiology,1,5/23/2022,7,Thursday,Remote VPN,Desktop,19,1,12,60,No,No,105,Normal
618,Doctor,Neurology,30,11/26/2022,17,Sunday,Hospital Network,Tablet,30,5,291,24,No,No,136,Normal
619,Doctor,Pediatrics,3,10/27/2022,14,Wednesday,Hospital Network,Desktop,3,9,238,74,No,No,112,Normal
620,Admin Staff,Pediatrics,14,1/27/2022,3,Saturday,Hospital Network,Desktop,24,8,200,40,No,No,141,Normal
621,Nurse,Pediatrics,29,11/19/2022,17,Tuesday,Hospital Network,Desktop,2,7,264,22,No,No,93,Normal
622,Admin Staff,Pediatrics,25,4/28/2022,0,Tuesday,Hospital Network,Desktop,7,3,37,54,No,No,164,Normal
623,Nurse,Pediatrics,16,9/28/2022,14,Wednesday,Hospital Network,Tablet,3,7,285,16,No,No,126,Normal
624,Admin Staff,Pediatrics,5,5/30/2022,14,Monday,Hospital Network,Tablet,10,2,211,61,No,No,155,Normal
625,Nurse,Cardiology,19,12/16/2022,5,Friday,Hospital Network,Mobile,24,9,10,12,No,No,106,Normal
626,Admin Staff,Neurology,10,7/18/2022,19,Saturday,Remote VPN,Desktop,21,6,57,58,No,No,30,Normal
627,Doctor,Oncology,4,12/9/2022,10,Monday,Hospital Network,Desktop,21,10,262,34,No,No,32,Normal
628,Admin Staff,Cardiology,17,1/23/2022,16,Wednesday,Hospital Network,Mobile,3,9,183,17,Yes,No,126,Normal
629,Admin Staff,Oncology,1,10/21/2022,20,Thursday,Hospital Network,Mobile,25,7,112,62,No,No,59,Normal
630,Doctor,Neurology,28,8/18/2022,1,Thursday,Hospital Network,Desktop,4,3,222,24,No,No,13,Normal
631,Nurse,Cardiology,16,12/2/2022,0,Friday,Hospital Network,Desktop,25,9,53,19,No,No,104,Normal
632,Admin Staff,Cardiology,25,9/21/2022,22,Thursday,Hospital Network,Mobile,28,9,86,40,Yes,No,88,Normal
633,Nurse,Cardiology,12,1/8/2022,19,Monday,Unknown IP,Mobile,20,4,83,37,No,No,20,Normal
634,Nurse,Oncology,29,10/5/2022,18,Wednesday,Hospital Network,Desktop,5,5,131,43,No,No,169,Normal
635,Nurse,Pediatrics,13,4/16/2022,21,Saturday,Hospital Network,Mobile,6,6,99,74,No,No,55,Normal
636,Admin Staff,Oncology,11,12/6/2022,20,Thursday,Hospital Network,Mobile,3,1,163,14,Yes,Yes,167,Normal
637,Admin Staff,Pediatrics,30,8/27/2022,16,Monday,Hospital Network,Mobile,26,9,119,10,No,No,13,Normal
638,Doctor,Emergency,13,10/14/2022,6,Saturday,Hospital Network,Mobile,30,0,171,30,No,No,115,Normal
639,Doctor,Cardiology,22,5/2/2022,21,Friday,Hospital Network,Desktop,23,1,118,52,No,No,6,Normal
640,Doctor,Pediatrics,26,12/16/2022,23,Monday,Hospital Network,Desktop,13,7,160,35,No,No,82,Normal
641,Doctor,Oncology,18,7/2/2022,7,Tuesday,Hospital Network,Mobile,17,5,37,59,No,Yes,74,Normal
642,Nurse,Neurology,8,12/28/2022,15,Wednesday,Remote VPN,Desktop,9,6,298,14,No,No,140,Normal
643,Admin Staff,Pediatrics,13,3/18/2022,18,Sunday,Hospital Network,Mobile,22,3,102,2,No,No,18,Normal
644,Nurse,Oncology,26,10/3/2022,0,Saturday,Hospital Network,Tablet,15,0,263,21,No,No,8,Normal
645,Admin Staff,Emergency,9,2/15/2022,15,Friday,Hospital Network,Desktop,10,9,116,67,No,No,122,Suspicious
646,Nurse,Pediatrics,7,11/5/2022,9,Tuesday,Hospital Network,Mobile,28,1,298,72,No,No,51,Normal
647,Admin Staff,Cardiology,12,4/20/2022,0,Thursday,Hospital Network,Mobile,10,8,291,12,No,No,96,Normal
648,Admin Staff,Pediatrics,12,12/4/2022,16,Thursday,Hospital Network,Tablet,28,4,287,51,No,No,62,Normal
649,Admin Staff,Neurology,7,11/13/2022,16,Sunday,Hospital Network,Tablet,16,4,185,30,No,No,142,Normal
650,Admin Staff,Emergency,22,12/8/2022,23,Friday,Hospital Network,Mobile,17,8,52,17,No,No,106,Normal
651,Nurse,Emergency,9,3/29/2022,15,Sunday,Hospital Network,Mobile,3,0,2,36,No,No,85,Normal
652,Admin Staff,Neurology,9,8/7/2022,20,Sunday,Hospital Network,Tablet,24,1,49,79,No,No,59,Normal
653,Nurse,Emergency,5,10/12/2022,10,Wednesday,Remote VPN,Mobile,18,8,90,9,No,No,35,Normal
654,Nurse,Emergency,8,5/31/2022,10,Tuesday,Remote VPN,Desktop,13,8,228,78,No,No,40,Normal
655,Admin Staff,Oncology,22,6/29/2022,19,Thursday,Hospital Network,Tablet,15,8,109,64,No,No,12,Normal
656,Admin Staff,Cardiology,9,6/21/2022,21,Sunday,Hospital Network,Tablet,27,1,125,36,No,No,111,Normal
657,Nurse,Pediatrics,6,9/8/2022,3,Sunday,Remote VPN,Mobile,6,0,238,62,No,No,146,Normal
658,Doctor,Emergency,8,3/13/2022,4,Thursday,Hospital Network,Desktop,30,3,110,9,No,No,18,Normal
659,Nurse,Neurology,5,2/20/2022,22,Wednesday,Hospital Network,Tablet,23,7,152,37,No,No,176,Normal
660,Admin Staff,Pediatrics,7,5/18/2022,19,Thursday,Unknown IP,Desktop,10,1,159,22,No,No,175,Normal
661,Nurse,Cardiology,8,7/12/2022,16,Sunday,Hospital Network,Mobile,26,4,9,66,No,No,114,Normal
662,Nurse,Neurology,5,2/27/2022,16,Sunday,Remote VPN,Mobile,20,8,215,47,No,No,124,Suspicious
663,Nurse,Pediatrics,17,6/5/2022,19,Friday,Hospital Network,Desktop,30,4,271,79,No,No,41,Normal
664,Nurse,Neurology,1,11/28/2022,4,Sunday,Hospital Network,Mobile,11,8,156,31,No,No,170,Normal
665,Admin Staff,Neurology,17,1/10/2022,11,Monday,Remote VPN,Desktop,10,0,270,47,No,Yes,102,Normal
666,Nurse,Pediatrics,5,5/17/2022,4,Saturday,Hospital Network,Tablet,22,10,111,2,No,No,15,Normal
667,Doctor,Pediatrics,23,12/26/2022,0,Thursday,Remote VPN,Tablet,19,10,177,37,No,No,137,Normal
668,Doctor,Neurology,4,6/16/2022,13,Monday,Hospital Network,Tablet,11,2,197,0,No,No,112,Normal
669,Admin Staff,Cardiology,1,1/15/2022,1,Monday,Hospital Network,Mobile,19,10,201,17,No,Yes,169,Normal
670,Admin Staff,Emergency,22,7/22/2022,19,Saturday,Hospital Network,Tablet,5,7,271,48,No,No,172,Normal
671,Doctor,Emergency,5,3/15/2022,16,Thursday,Hospital Network,Tablet,2,9,34,9,No,No,167,Normal
672,Admin Staff,Cardiology,27,9/15/2022,9,Monday,Hospital Network,Tablet,7,8,232,71,No,No,30,Normal
673,Admin Staff,Pediatrics,10,5/3/2022,10,Monday,Hospital Network,Desktop,2,7,138,13,No,No,116,Normal
674,Admin Staff,Pediatrics,11,11/19/2022,0,Thursday,Hospital Network,Desktop,8,9,159,63,Yes,No,89,Normal
675,Admin Staff,Pediatrics,21,1/22/2022,1,Wednesday,Unknown IP,Tablet,4,8,70,55,No,No,154,Normal
676,Doctor,Oncology,14,5/20/2022,14,Sunday,Hospital Network,Tablet,29,10,41,11,No,No,74,Normal
677,Nurse,Cardiology,10,6/15/2022,23,Friday,Hospital Network,Desktop,20,8,40,75,No,No,165,Normal
678,Nurse,Pediatrics,16,7/18/2022,12,Wednesday,Hospital Network,Tablet,24,4,34,66,No,No,41,Normal
679,Doctor,Cardiology,28,7/16/2022,7,Sunday,Hospital Network,Desktop,19,7,246,41,No,No,42,Normal
680,Doctor,Neurology,15,8/12/2022,22,Friday,Hospital Network,Desktop,6,10,84,19,No,No,109,Normal
681,Nurse,Pediatrics,10,11/22/2022,5,Wednesday,Hospital Network,Mobile,29,9,269,8,No,No,136,Normal
682,Admin Staff,Pediatrics,8,11/5/2022,0,Thursday,Hospital Network,Desktop,28,9,297,50,No,No,33,Normal
683,Admin Staff,Pediatrics,29,9/22/2022,5,Thursday,Hospital Network,Desktop,1,8,218,22,No,No,39,Normal
684,Admin Staff,Neurology,21,9/4/2022,13,Saturday,Hospital Network,Mobile,25,4,103,57,No,No,56,Normal
685,Nurse,Emergency,22,7/4/2022,14,Wednesday,Hospital Network,Tablet,15,8,84,32,No,No,161,Normal
686,Nurse,Emergency,20,2/25/2022,19,Tuesday,Hospital Network,Desktop,24,6,233,13,No,No,83,Normal
687,Doctor,Pediatrics,1,3/7/2022,23,Saturday,Hospital Network,Desktop,24,8,29,5,No,No,10,Normal
688,Admin Staff,Cardiology,27,12/2/2022,18,Wednesday,Remote VPN,Desktop,23,0,108,22,No,No,99,Normal
689,Admin Staff,Cardiology,28,5/4/2022,13,Sunday,Hospital Network,Tablet,26,5,250,11,No,No,79,Normal
690,Nurse,Oncology,1,4/10/2022,17,Tuesday,Hospital Network,Mobile,14,7,187,40,No,Yes,93,Normal
691,Admin Staff,Neurology,8,7/23/2022,23,Wednesday,Hospital Network,Tablet,20,4,1,25,No,No,31,Normal
692,Doctor,Cardiology,3,10/13/2022,20,Thursday,Hospital Network,Desktop,24,0,183,26,No,No,83,Normal
693,Doctor,Cardiology,25,11/29/2022,15,Wednesday,Remote VPN,Desktop,20,7,1,17,Yes,Yes,40,Normal
694,Nurse,Oncology,25,9/8/2022,7,Friday,Hospital Network,Tablet,7,3,145,17,No,No,30,Normal
695,Doctor,Cardiology,3,1/4/2022,2,Saturday,Hospital Network,Mobile,8,6,183,53,No,No,6,Normal
696,Nurse,Cardiology,28,6/7/2022,0,Sunday,Hospital Network,Desktop,17,8,122,2,No,Yes,137,Normal
697,Doctor,Pediatrics,8,5/31/2022,21,Monday,Hospital Network,Mobile,9,7,282,62,No,No,57,Normal
698,Doctor,Emergency,27,5/6/2022,22,Monday,Hospital Network,Tablet,13,9,208,24,No,No,179,Normal
699,Nurse,Cardiology,7,10/2/2022,11,Sunday,Hospital Network,Desktop,21,5,18,55,No,No,24,Normal
700,Nurse,Pediatrics,19,9/8/2022,19,Monday,Hospital Network,Desktop,24,2,299,12,Yes,No,103,Normal
701,Doctor,Pediatrics,27,12/24/2022,13,Sunday,Hospital Network,Tablet,5,7,81,46,No,No,85,Normal
702,Doctor,Emergency,4,6/8/2022,18,Thursday,Hospital Network,Desktop,7,8,223,18,No,Yes,65,Normal
703,Admin Staff,Pediatrics,20,9/4/2022,21,Monday,Remote VPN,Tablet,16,7,76,78,No,No,35,Normal
704,Admin Staff,Cardiology,21,1/21/2022,16,Tuesday,Hospital Network,Mobile,28,10,6,5,No,No,90,Normal
705,Doctor,Pediatrics,5,1/19/2022,18,Friday,Hospital Network,Desktop,1,0,288,74,No,No,153,Normal
706,Nurse,Oncology,19,5/27/2022,11,Tuesday,Hospital Network,Tablet,4,0,98,74,Yes,No,125,Normal
707,Doctor,Cardiology,30,5/16/2022,15,Sunday,Hospital Network,Mobile,8,6,146,30,No,No,56,Normal
708,Nurse,Oncology,15,2/28/2022,18,Friday,Hospital Network,Mobile,10,6,67,23,No,No,172,Normal
709,Nurse,Cardiology,16,11/29/2022,1,Thursday,Hospital Network,Tablet,29,1,254,72,No,No,171,Normal
710,Admin Staff,Oncology,5,1/6/2022,7,Monday,Remote VPN,Mobile,6,8,261,77,No,No,145,Normal
711,Nurse,Oncology,1,6/14/2022,9,Thursday,Hospital Network,Tablet,20,2,6,54,No,No,137,Normal
712,Nurse,Pediatrics,15,3/21/2022,12,Friday,Hospital Network,Tablet,7,1,168,64,No,No,145,Normal
713,Doctor,Pediatrics,23,2/9/2022,9,Saturday,Hospital Network,Desktop,15,3,122,69,No,No,144,Suspicious
714,Doctor,Cardiology,12,12/3/2022,0,Monday,Unknown IP,Desktop,8,1,19,4,No,No,138,Normal
715,Admin Staff,Emergency,8,3/24/2022,7,Saturday,Hospital Network,Desktop,11,5,44,13,No,No,149,Normal
716,Nurse,Oncology,22,6/15/2022,10,Wednesday,Hospital Network,Desktop,1,4,268,33,No,No,52,Normal
717,Nurse,Oncology,11,2/28/2022,7,Wednesday,Unknown IP,Mobile,12,10,198,24,Yes,No,21,Normal
718,Nurse,Pediatrics,1,5/28/2022,19,Monday,Hospital Network,Tablet,15,9,283,27,No,No,173,Normal
719,Nurse,Oncology,16,12/6/2022,14,Saturday,Hospital Network,Desktop,16,3,63,27,No,No,158,Normal
720,Admin Staff,Cardiology,20,1/8/2022,10,Tuesday,Hospital Network,Tablet,18,4,212,33,Yes,No,75,Normal
721,Doctor,Pediatrics,30,7/12/2022,16,Sunday,Hospital Network,Tablet,26,7,37,24,No,No,174,Normal
722,Admin Staff,Cardiology,27,4/22/2022,14,Friday,Unknown IP,Mobile,24,1,179,35,Yes,No,176,Normal
723,Admin Staff,Emergency,20,8/6/2022,12,Sunday,Hospital Network,Tablet,25,2,73,54,No,No,141,Normal
724,Nurse,Neurology,17,8/9/2022,6,Thursday,Hospital Network,Mobile,14,8,193,37,Yes,No,9,Normal
725,Nurse,Oncology,17,11/11/2022,9,Tuesday,Unknown IP,Mobile,24,3,282,44,No,No,96,Normal
726,Nurse,Emergency,14,2/10/2022,15,Thursday,Hospital Network,Desktop,19,3,265,68,No,No,176,Normal
727,Admin Staff,Oncology,26,1/11/2022,9,Thursday,Hospital Network,Desktop,25,8,227,33,No,No,41,Suspicious
728,Doctor,Oncology,15,7/20/2022,11,Wednesday,Hospital Network,Desktop,16,10,77,70,No,No,99,Normal
729,Nurse,Pediatrics,8,8/2/2022,8,Thursday,Hospital Network,Mobile,10,3,220,10,No,No,167,Suspicious
730,Admin Staff,Emergency,24,8/1/2022,7,Wednesday,Unknown IP,Desktop,18,7,224,18,No,No,175,Normal
731,Doctor,Cardiology,10,1/26/2022,2,Sunday,Hospital Network,Mobile,30,10,215,30,No,No,122,Normal
732,Admin Staff,Neurology,28,7/21/2022,21,Thursday,Hospital Network,Mobile,18,7,39,29,No,No,23,Normal
733,Doctor,Emergency,29,2/13/2022,10,Thursday,Hospital Network,Mobile,10,2,28,26,No,No,12,Normal
734,Doctor,Oncology,16,1/24/2022,0,Tuesday,Hospital Network,Tablet,1,1,44,50,No,No,156,Normal
735,Admin Staff,Oncology,6,4/4/2022,8,Tuesday,Remote VPN,Desktop,18,4,111,17,No,No,47,Normal
736,Doctor,Oncology,21,12/17/2022,5,Friday,Hospital Network,Desktop,6,10,75,29,Yes,No,170,Normal
737,Doctor,Emergency,5,7/14/2022,7,Thursday,Hospital Network,Desktop,19,10,62,31,No,No,161,Normal
738,Admin Staff,Oncology,28,8/8/2022,3,Monday,Hospital Network,Mobile,21,4,242,5,No,No,132,Normal
739,Admin Staff,Emergency,27,9/26/2022,5,Saturday,Hospital Network,Tablet,8,4,240,69,No,No,163,Normal
740,Admin Staff,Pediatrics,10,1/11/2022,23,Thursday,Hospital Network,Tablet,8,4,280,39,No,No,33,Normal
741,Nurse,Emergency,30,7/25/2022,4,Sunday,Hospital Network,Desktop,28,7,153,16,No,No,72,Normal
742,Doctor,Cardiology,20,7/9/2022,6,Wednesday,Unknown IP,Desktop,1,7,298,56,No,No,135,Normal
743,Admin Staff,Emergency,5,7/16/2022,20,Saturday,Hospital Network,Desktop,28,5,32,30,Yes,No,74,Normal
744,Admin Staff,Oncology,11,10/29/2022,8,Friday,Hospital Network,Desktop,14,5,2,32,Yes,No,70,Normal
745,Admin Staff,Neurology,22,10/3/2022,14,Friday,Hospital Network,Desktop,1,5,73,22,No,No,161,Normal
746,Admin Staff,Oncology,20,8/16/2022,21,Thursday,Hospital Network,Desktop,29,8,72,77,No,No,108,Normal
747,Admin Staff,Cardiology,1,4/1/2022,0,Friday,Hospital Network,Mobile,7,10,26,9,No,No,100,Suspicious
748,Doctor,Cardiology,28,2/26/2022,23,Friday,Hospital Network,Tablet,26,3,9,78,No,No,173,Normal
749,Admin Staff,Emergency,19,9/6/2022,8,Monday,Hospital Network,Mobile,25,10,232,7,No,No,68,Normal
750,Doctor,Oncology,29,3/4/2022,21,Monday,Hospital Network,Tablet,27,7,152,6,No,No,170,Normal
751,Nurse,Cardiology,9,3/19/2022,23,Saturday,Hospital Network,Mobile,1,8,151,32,No,No,111,Normal
752,Nurse,Oncology,15,2/2/2022,1,Saturday,Hospital Network,Mobile,4,5,201,38,No,No,110,Normal
753,Doctor,Cardiology,27,2/17/2022,7,Saturday,Hospital Network,Mobile,20,5,134,50,No,No,106,Normal
754,Admin Staff,Emergency,1,5/6/2022,8,Sunday,Remote VPN,Mobile,9,1,136,35,No,Yes,33,Normal
755,Nurse,Pediatrics,3,11/21/2022,18,Wednesday,Hospital Network,Tablet,27,6,190,21,Yes,No,127,Normal
756,Nurse,Emergency,2,10/7/2022,17,Sunday,Hospital Network,Mobile,18,4,211,72,No,No,83,Normal
757,Admin Staff,Pediatrics,29,10/14/2022,3,Thursday,Unknown IP,Tablet,15,0,42,4,No,No,128,Normal
758,Nurse,Emergency,11,4/6/2022,14,Sunday,Hospital Network,Tablet,3,0,33,65,No,No,53,Normal
759,Nurse,Oncology,23,10/19/2022,4,Saturday,Hospital Network,Desktop,27,0,127,25,No,No,150,Normal
760,Admin Staff,Emergency,12,10/14/2022,15,Friday,Hospital Network,Mobile,7,2,276,48,No,No,48,Normal
761,Admin Staff,Emergency,30,11/28/2022,10,Monday,Hospital Network,Mobile,6,2,154,56,No,No,80,Normal
762,Nurse,Cardiology,4,10/6/2022,23,Monday,Hospital Network,Mobile,18,1,210,68,No,No,142,Normal
763,Admin Staff,Oncology,17,1/8/2022,4,Friday,Hospital Network,Mobile,24,6,201,20,Yes,No,64,Normal
764,Admin Staff,Emergency,20,11/15/2022,8,Friday,Hospital Network,Mobile,10,9,32,16,No,No,165,Normal
765,Nurse,Pediatrics,13,3/24/2022,5,Thursday,Hospital Network,Tablet,27,9,231,71,No,Yes,169,Normal
766,Nurse,Pediatrics,16,5/7/2022,1,Wednesday,Hospital Network,Desktop,10,7,88,61,No,No,88,Normal
767,Doctor,Cardiology,17,10/5/2022,12,Monday,Remote VPN,Mobile,7,2,200,15,No,No,75,Normal
768,Nurse,Pediatrics,17,10/20/2022,14,Wednesday,Hospital Network,Desktop,12,2,250,13,No,No,80,Normal
769,Nurse,Neurology,7,2/2/2022,15,Tuesday,Hospital Network,Tablet,7,1,274,79,No,No,13,Normal
770,Nurse,Pediatrics,23,3/19/2022,1,Thursday,Hospital Network,Desktop,11,7,192,12,No,No,37,Normal
771,Nurse,Oncology,29,12/19/2022,12,Saturday,Hospital Network,Tablet,16,4,268,11,No,No,177,Normal
772,Doctor,Cardiology,10,1/23/2022,23,Sunday,Hospital Network,Mobile,26,2,34,76,No,No,165,Normal
773,Admin Staff,Emergency,13,10/19/2022,20,Tuesday,Hospital Network,Tablet,20,9,266,72,No,No,66,Normal
774,Admin Staff,Emergency,15,3/31/2022,8,Sunday,Hospital Network,Mobile,7,1,41,34,No,Yes,112,Normal
775,Admin Staff,Pediatrics,1,6/29/2022,15,Sunday,Unknown IP,Desktop,1,0,243,3,No,No,93,Suspicious
776,Nurse,Emergency,25,11/12/2022,22,Sunday,Hospital Network,Desktop,21,2,17,28,No,No,32,Normal
777,Admin Staff,Oncology,29,5/5/2022,23,Friday,Hospital Network,Tablet,20,8,227,36,No,No,112,Normal
778,Admin Staff,Neurology,2,9/21/2022,19,Sunday,Hospital Network,Desktop,1,0,96,72,No,No,11,Normal
779,Doctor,Neurology,12,12/22/2022,10,Saturday,Hospital Network,Desktop,15,10,212,23,No,Yes,81,Normal
780,Admin Staff,Emergency,19,10/14/2022,23,Tuesday,Hospital Network,Desktop,12,2,163,74,No,No,71,Normal
781,Admin Staff,Emergency,3,7/15/2022,6,Tuesday,Hospital Network,Desktop,1,3,293,64,No,No,145,Normal
782,Nurse,Pediatrics,11,9/23/2022,11,Thursday,Unknown IP,Mobile,19,4,138,49,No,No,59,Suspicious
783,Admin Staff,Cardiology,13,3/26/2022,2,Wednesday,Hospital Network,Tablet,10,7,235,45,No,No,128,Normal
784,Doctor,Emergency,18,11/14/2022,2,Tuesday,Hospital Network,Mobile,19,1,115,41,No,No,163,Normal
785,Nurse,Neurology,14,6/30/2022,9,Tuesday,Unknown IP,Desktop,7,10,13,34,No,No,126,Normal
786,Doctor,Oncology,30,4/14/2022,15,Saturday,Hospital Network,Mobile,13,10,169,72,No,No,36,Normal
787,Nurse,Pediatrics,2,7/12/2022,5,Sunday,Hospital Network,Mobile,14,7,228,68,Yes,No,153,Normal
788,Nurse,Neurology,23,12/25/2022,20,Monday,Hospital Network,Mobile,11,6,232,33,No,No,97,Normal
789,Doctor,Pediatrics,8,11/19/2022,3,Sunday,Hospital Network,Mobile,22,5,42,34,No,Yes,171,Normal
790,Nurse,Oncology,15,3/20/2022,21,Thursday,Hospital Network,Tablet,5,8,211,28,Yes,No,108,Normal
791,Doctor,Oncology,3,11/29/2022,16,Tuesday,Remote VPN,Desktop,19,6,173,14,No,No,110,Normal
792,Admin Staff,Neurology,10,8/27/2022,16,Tuesday,Hospital Network,Desktop,10,2,52,9,No,No,144,Normal
793,Admin Staff,Emergency,6,3/3/2022,4,Monday,Hospital Network,Tablet,24,9,21,56,No,No,65,Normal
794,Nurse,Emergency,14,5/7/2022,8,Friday,Hospital Network,Mobile,12,7,142,68,No,No,143,Normal
795,Doctor,Emergency,9,1/26/2022,8,Monday,Hospital Network,Tablet,30,0,212,42,No,No,46,Normal
796,Nurse,Oncology,12,12/20/2022,19,Tuesday,Hospital Network,Desktop,11,9,147,56,No,No,45,Normal
797,Admin Staff,Emergency,22,6/17/2022,11,Wednesday,Hospital Network,Tablet,2,9,167,37,No,Yes,99,Normal
798,Doctor,Pediatrics,15,10/16/2022,21,Thursday,Hospital Network,Tablet,24,8,186,9,No,Yes,44,Normal
799,Nurse,Neurology,1,4/4/2022,2,Wednesday,Hospital Network,Tablet,6,1,123,52,No,No,55,Normal
800,Admin Staff,Emergency,27,4/6/2022,1,Wednesday,Hospital Network,Tablet,17,0,287,48,No,No,32,Normal
801,Admin Staff,Pediatrics,7,7/27/2022,4,Thursday,Hospital Network,Desktop,19,7,293,13,No,No,99,Normal
802,Admin Staff,Pediatrics,23,3/31/2022,17,Thursday,Hospital Network,Desktop,9,1,2,41,No,No,12,Normal
803,Nurse,Pediatrics,18,3/4/2022,7,Sunday,Unknown IP,Desktop,20,3,252,62,No,No,63,Normal
804,Doctor,Pediatrics,6,3/31/2022,21,Friday,Hospital Network,Mobile,28,9,19,75,No,No,96,Normal
805,Admin Staff,Oncology,12,6/15/2022,17,Tuesday,Hospital Network,Desktop,3,2,35,60,No,No,125,Normal
806,Doctor,Oncology,7,6/5/2022,3,Thursday,Hospital Network,Desktop,13,10,98,8,No,No,5,Normal
807,Admin Staff,Pediatrics,14,12/30/2022,17,Sunday,Hospital Network,Tablet,2,4,183,64,No,No,9,Normal
808,Doctor,Emergency,15,5/10/2022,3,Saturday,Remote VPN,Desktop,22,3,180,68,No,No,47,Normal
809,Nurse,Cardiology,8,8/1/2022,10,Tuesday,Remote VPN,Desktop,13,2,241,80,No,No,48,Normal
810,Admin Staff,Emergency,4,1/3/2022,2,Sunday,Hospital Network,Tablet,21,6,28,33,No,No,8,Suspicious
811,Doctor,Oncology,12,8/13/2022,6,Wednesday,Hospital Network,Tablet,9,6,12,4,No,No,180,Normal
812,Nurse,Oncology,7,4/5/2022,21,Wednesday,Hospital Network,Desktop,18,9,89,80,Yes,No,170,Normal
813,Doctor,Pediatrics,26,6/13/2022,16,Thursday,Hospital Network,Tablet,14,10,23,43,No,No,122,Normal
814,Admin Staff,Emergency,27,7/19/2022,17,Wednesday,Hospital Network,Tablet,12,4,199,57,No,No,83,Normal
815,Nurse,Cardiology,24,2/16/2022,13,Thursday,Remote VPN,Desktop,2,4,203,79,No,No,154,Normal
816,Admin Staff,Emergency,16,5/25/2022,2,Tuesday,Hospital Network,Mobile,27,5,146,34,No,No,36,Normal
817,Doctor,Neurology,8,3/12/2022,20,Friday,Remote VPN,Mobile,19,2,25,6,No,No,14,Normal
818,Admin Staff,Emergency,25,1/10/2022,18,Wednesday,Unknown IP,Mobile,27,4,212,6,No,No,110,Normal
819,Admin Staff,Cardiology,2,5/26/2022,11,Sunday,Hospital Network,Desktop,5,2,23,59,Yes,No,120,Normal
820,Doctor,Cardiology,6,7/20/2022,22,Wednesday,Hospital Network,Tablet,3,7,254,58,No,No,39,Normal
821,Doctor,Oncology,22,11/14/2022,12,Saturday,Hospital Network,Mobile,27,5,38,10,No,No,64,Normal
822,Nurse,Cardiology,24,9/15/2022,11,Tuesday,Hospital Network,Mobile,2,9,105,72,No,No,52,Normal
823,Admin Staff,Emergency,2,11/29/2022,17,Sunday,Hospital Network,Mobile,6,8,155,58,No,No,79,Normal
824,Doctor,Emergency,25,6/15/2022,6,Saturday,Hospital Network,Desktop,28,2,39,78,No,No,168,Normal
825,Nurse,Neurology,1,10/26/2022,9,Wednesday,Unknown IP,Tablet,26,1,96,24,No,No,14,Normal
826,Doctor,Oncology,11,6/8/2022,11,Tuesday,Hospital Network,Mobile,2,4,184,47,No,No,14,Normal
827,Doctor,Oncology,10,4/8/2022,3,Tuesday,Hospital Network,Desktop,30,1,154,80,No,No,118,Normal
828,Admin Staff,Oncology,21,5/13/2022,17,Thursday,Hospital Network,Mobile,11,3,90,47,No,No,20,Normal
829,Admin Staff,Oncology,14,6/5/2022,20,Saturday,Hospital Network,Mobile,1,5,181,5,No,No,156,Normal
830,Admin Staff,Neurology,4,9/6/2022,19,Thursday,Hospital Network,Mobile,29,4,283,26,No,No,179,Normal
831,Nurse,Pediatrics,19,5/30/2022,22,Sunday,Hospital Network,Desktop,4,9,187,13,No,No,55,Normal
832,Nurse,Oncology,14,11/18/2022,17,Saturday,Hospital Network,Mobile,9,0,39,75,No,Yes,161,Suspicious
833,Admin Staff,Pediatrics,30,9/23/2022,6,Friday,Hospital Network,Mobile,18,4,290,25,No,No,62,Normal
834,Doctor,Oncology,8,1/27/2022,18,Saturday,Hospital Network,Mobile,18,10,135,59,No,No,60,Normal
835,Admin Staff,Oncology,11,2/16/2022,1,Tuesday,Hospital Network,Tablet,28,10,128,30,Yes,No,112,Normal
836,Nurse,Oncology,2,6/14/2022,7,Sunday,Hospital Network,Mobile,13,8,33,5,No,No,52,Normal
837,Doctor,Emergency,17,3/28/2022,6,Saturday,Hospital Network,Tablet,2,7,21,26,No,No,51,Normal
838,Nurse,Oncology,27,4/29/2022,23,Thursday,Hospital Network,Desktop,26,7,265,77,No,No,139,Normal
839,Doctor,Neurology,13,10/25/2022,17,Saturday,Hospital Network,Desktop,20,6,200,14,No,Yes,16,Normal
840,Nurse,Neurology,15,11/5/2022,19,Friday,Hospital Network,Tablet,16,9,57,34,No,No,95,Normal
841,Nurse,Neurology,9,10/16/2022,14,Monday,Hospital Network,Tablet,11,3,277,76,No,No,131,Normal
842,Admin Staff,Cardiology,12,3/17/2022,20,Wednesday,Hospital Network,Tablet,8,4,131,7,No,No,60,Normal
843,Admin Staff,Emergency,23,4/25/2022,12,Wednesday,Hospital Network,Tablet,17,6,81,58,No,No,80,Suspicious
844,Admin Staff,Emergency,10,1/7/2022,20,Friday,Hospital Network,Desktop,20,4,161,51,No,No,66,Normal
845,Nurse,Pediatrics,30,9/12/2022,17,Saturday,Hospital Network,Mobile,25,1,36,53,No,No,5,Normal
846,Admin Staff,Pediatrics,10,10/6/2022,5,Tuesday,Hospital Network,Desktop,23,9,58,26,No,No,165,Normal
847,Doctor,Cardiology,24,7/6/2022,10,Thursday,Remote VPN,Mobile,12,4,134,35,No,Yes,154,Normal
848,Nurse,Pediatrics,12,9/18/2022,12,Sunday,Hospital Network,Mobile,19,0,227,60,No,No,96,Normal
849,Admin Staff,Oncology,7,1/12/2022,8,Saturday,Hospital Network,Tablet,4,6,212,64,No,No,44,Normal
850,Doctor,Oncology,3,10/7/2022,6,Tuesday,Hospital Network,Mobile,7,2,28,65,No,No,24,Normal
851,Doctor,Pediatrics,13,6/15/2022,8,Thursday,Hospital Network,Tablet,23,8,227,58,Yes,No,178,Normal
852,Nurse,Oncology,16,10/12/2022,3,Monday,Hospital Network,Tablet,27,2,3,40,No,No,168,Normal
853,Admin Staff,Neurology,10,6/28/2022,2,Wednesday,Hospital Network,Tablet,9,4,56,45,No,No,95,Normal
854,Nurse,Pediatrics,25,3/21/2022,21,Wednesday,Hospital Network,Tablet,4,7,138,2,No,Yes,152,Normal
855,Admin Staff,Cardiology,10,8/20/2022,17,Saturday,Hospital Network,Tablet,5,0,33,8,No,No,25,Normal
856,Nurse,Neurology,25,3/20/2022,6,Tuesday,Hospital Network,Mobile,6,5,127,75,No,No,87,Normal
857,Admin Staff,Oncology,29,3/31/2022,21,Saturday,Hospital Network,Tablet,2,9,216,37,No,No,158,Normal
858,Doctor,Neurology,10,7/14/2022,14,Wednesday,Hospital Network,Desktop,28,0,166,64,No,No,96,Normal
859,Admin Staff,Emergency,25,8/5/2022,7,Tuesday,Hospital Network,Desktop,2,6,183,3,No,No,53,Normal
860,Admin Staff,Oncology,5,8/10/2022,19,Saturday,Hospital Network,Tablet,9,0,61,20,No,No,172,Suspicious
861,Doctor,Cardiology,17,2/9/2022,19,Wednesday,Hospital Network,Mobile,16,2,136,7,No,No,96,Normal
862,Admin Staff,Cardiology,21,9/7/2022,13,Saturday,Hospital Network,Desktop,21,9,100,7,No,Yes,173,Suspicious
863,Nurse,Emergency,6,3/21/2022,13,Sunday,Remote VPN,Mobile,7,6,142,30,No,Yes,110,Suspicious
864,Nurse,Emergency,25,4/8/2022,13,Monday,Hospital Network,Mobile,7,10,140,29,No,No,142,Normal
865,Doctor,Emergency,2,9/1/2022,19,Sunday,Hospital Network,Desktop,29,5,149,18,No,No,63,Normal
866,Admin Staff,Pediatrics,2,7/18/2022,1,Friday,Remote VPN,Tablet,17,2,37,44,No,No,67,Normal
867,Admin Staff,Pediatrics,5,12/16/2022,16,Friday,Hospital Network,Tablet,8,6,11,10,No,No,6,Normal
868,Doctor,Oncology,8,9/4/2022,4,Saturday,Hospital Network,Desktop,20,0,214,11,No,No,103,Normal
869,Doctor,Neurology,21,3/31/2022,18,Sunday,Hospital Network,Desktop,6,1,119,56,No,No,27,Normal
870,Doctor,Neurology,11,7/24/2022,16,Monday,Hospital Network,Desktop,24,5,25,68,No,No,75,Normal
871,Nurse,Oncology,16,12/8/2022,1,Tuesday,Remote VPN,Tablet,26,3,108,76,No,No,143,Suspicious
872,Doctor,Neurology,21,8/19/2022,4,Friday,Hospital Network,Tablet,18,2,255,2,No,No,25,Normal
873,Doctor,Cardiology,5,7/2/2022,6,Friday,Hospital Network,Mobile,12,4,40,35,No,No,135,Normal
874,Admin Staff,Oncology,11,4/24/2022,23,Saturday,Hospital Network,Desktop,20,4,208,12,No,Yes,102,Normal
875,Nurse,Cardiology,24,4/10/2022,15,Sunday,Hospital Network,Tablet,4,7,57,64,No,No,50,Normal
876,Admin Staff,Cardiology,14,3/22/2022,1,Tuesday,Hospital Network,Desktop,17,0,197,64,No,No,97,Normal
877,Nurse,Emergency,25,8/11/2022,1,Monday,Hospital Network,Mobile,24,6,288,51,No,No,80,Suspicious
878,Nurse,Cardiology,21,9/1/2022,23,Saturday,Hospital Network,Desktop,4,6,87,67,No,No,59,Normal
879,Nurse,Pediatrics,9,9/19/2022,14,Saturday,Hospital Network,Mobile,29,1,115,32,No,No,132,Normal
880,Admin Staff,Neurology,8,7/11/2022,3,Sunday,Remote VPN,Tablet,10,2,274,22,No,No,11,Normal
881,Admin Staff,Emergency,30,3/9/2022,15,Monday,Remote VPN,Desktop,8,5,274,75,No,No,68,Normal
882,Doctor,Emergency,8,1/19/2022,8,Saturday,Hospital Network,Mobile,3,5,256,21,No,No,94,Normal
883,Admin Staff,Oncology,21,4/27/2022,16,Sunday,Hospital Network,Tablet,10,1,100,28,No,No,44,Normal
884,Nurse,Neurology,18,4/23/2022,5,Wednesday,Hospital Network,Mobile,19,7,14,66,No,No,42,Normal
885,Admin Staff,Pediatrics,7,7/9/2022,14,Thursday,Hospital Network,Mobile,9,0,139,77,No,No,136,Normal
886,Admin Staff,Pediatrics,7,11/15/2022,9,Thursday,Hospital Network,Desktop,6,8,224,7,No,No,172,Normal
887,Doctor,Pediatrics,9,1/19/2022,1,Friday,Hospital Network,Desktop,14,2,263,56,No,No,42,Normal
888,Admin Staff,Oncology,11,5/17/2022,8,Friday,Remote VPN,Mobile,20,9,34,26,No,No,91,Normal
889,Nurse,Pediatrics,21,3/25/2022,1,Monday,Hospital Network,Desktop,19,10,241,62,No,No,102,Normal
890,Nurse,Emergency,7,7/13/2022,5,Wednesday,Hospital Network,Tablet,14,0,96,26,No,No,164,Normal
891,Nurse,Emergency,23,6/17/2022,17,Sunday,Hospital Network,Tablet,22,8,103,1,No,No,85,Normal
892,Doctor,Pediatrics,20,1/10/2022,0,Friday,Hospital Network,Mobile,7,3,139,11,No,No,132,Normal
893,Nurse,Cardiology,25,8/31/2022,14,Tuesday,Hospital Network,Mobile,23,6,204,19,No,No,83,Normal
894,Admin Staff,Neurology,7,6/23/2022,18,Wednesday,Hospital Network,Desktop,15,9,78,35,No,No,116,Normal
895,Admin Staff,Neurology,1,12/10/2022,9,Friday,Remote VPN,Mobile,21,4,121,19,No,No,65,Normal
896,Doctor,Emergency,29,5/30/2022,22,Tuesday,Hospital Network,Desktop,23,4,299,42,No,No,168,Normal
897,Nurse,Cardiology,13,1/13/2022,7,Thursday,Unknown IP,Desktop,30,0,222,62,No,No,25,Normal
898,Nurse,Neurology,22,1/12/2022,3,Saturday,Hospital Network,Desktop,11,3,134,47,No,No,11,Normal
899,Doctor,Emergency,3,11/10/2022,6,Thursday,Hospital Network,Desktop,21,10,233,32,No,No,125,Normal
900,Nurse,Oncology,9,12/7/2022,19,Thursday,Hospital Network,Mobile,27,7,167,52,No,No,58,Normal
901,Nurse,Neurology,11,7/28/2022,12,Tuesday,Hospital Network,Tablet,5,1,85,10,No,Yes,73,Normal
902,Doctor,Neurology,13,3/14/2022,23,Friday,Hospital Network,Mobile,23,8,41,39,No,No,97,Normal
903,Nurse,Cardiology,18,11/6/2022,11,Tuesday,Hospital Network,Desktop,19,4,108,21,No,No,81,Normal
904,Nurse,Pediatrics,13,4/14/2022,14,Thursday,Hospital Network,Mobile,15,5,262,3,No,No,179,Normal
905,Doctor,Cardiology,25,1/18/2022,19,Tuesday,Remote VPN,Desktop,1,5,275,60,No,No,5,Normal
906,Admin Staff,Neurology,16,4/10/2022,23,Sunday,Hospital Network,Tablet,14,9,176,5,No,No,169,Normal
907,Doctor,Neurology,22,2/19/2022,16,Sunday,Hospital Network,Tablet,27,7,17,34,No,No,171,Normal
908,Doctor,Pediatrics,19,10/19/2022,11,Thursday,Hospital Network,Mobile,7,3,200,72,No,No,136,Suspicious
909,Admin Staff,Pediatrics,19,4/8/2022,19,Thursday,Remote VPN,Desktop,11,5,238,9,No,No,64,Normal
910,Admin Staff,Cardiology,17,5/21/2022,0,Thursday,Remote VPN,Desktop,2,1,228,20,No,No,178,Normal
911,Nurse,Emergency,27,3/1/2022,21,Wednesday,Hospital Network,Tablet,15,1,190,36,No,No,118,Normal
912,Nurse,Neurology,21,11/10/2022,14,Saturday,Hospital Network,Tablet,24,4,203,30,No,No,52,Normal
913,Nurse,Neurology,12,12/17/2022,16,Wednesday,Hospital Network,Tablet,8,8,266,9,Yes,No,10,Normal
914,Doctor,Cardiology,14,11/6/2022,23,Tuesday,Hospital Network,Mobile,2,1,78,42,No,No,83,Normal
915,Nurse,Neurology,19,3/22/2022,12,Friday,Hospital Network,Desktop,10,5,53,4,No,No,180,Suspicious
916,Admin Staff,Emergency,6,3/8/2022,13,Monday,Hospital Network,Desktop,6,6,84,20,Yes,No,84,Normal
917,Doctor,Pediatrics,16,6/25/2022,10,Friday,Hospital Network,Tablet,24,6,92,0,No,No,81,Normal
918,Nurse,Emergency,3,7/1/2022,0,Saturday,Hospital Network,Tablet,24,8,119,53,No,No,91,Normal
919,Doctor,Pediatrics,11,5/29/2022,3,Monday,Unknown IP,Tablet,5,8,26,47,No,Yes,137,Normal
920,Nurse,Neurology,5,4/20/2022,2,Monday,Hospital Network,Mobile,3,7,155,64,No,No,78,Normal
921,Doctor,Pediatrics,18,5/9/2022,19,Wednesday,Hospital Network,Desktop,11,7,94,26,No,No,17,Normal
922,Doctor,Cardiology,17,4/30/2022,20,Saturday,Hospital Network,Tablet,1,7,184,79,No,No,100,Suspicious
923,Doctor,Pediatrics,1,3/13/2022,20,Tuesday,Remote VPN,Tablet,1,2,80,68,No,No,132,Normal
924,Admin Staff,Cardiology,26,11/22/2022,2,Sunday,Remote VPN,Tablet,2,10,168,21,No,No,12,Normal
925,Doctor,Oncology,2,12/6/2022,15,Tuesday,Remote VPN,Desktop,22,5,28,61,No,No,81,Normal
926,Admin Staff,Pediatrics,26,12/24/2022,3,Saturday,Hospital Network,Tablet,7,8,294,14,Yes,No,31,Normal
927,Nurse,Cardiology,3,2/24/2022,16,Sunday,Hospital Network,Tablet,1,6,149,43,No,No,15,Normal
928,Doctor,Oncology,26,12/1/2022,21,Sunday,Hospital Network,Tablet,13,1,261,20,No,No,180,Normal
929,Nurse,Oncology,22,3/7/2022,5,Monday,Hospital Network,Mobile,8,4,284,48,No,No,79,Normal
930,Doctor,Emergency,30,5/18/2022,17,Wednesday,Hospital Network,Desktop,26,2,73,45,No,No,176,Normal
931,Admin Staff,Emergency,13,6/21/2022,22,Monday,Hospital Network,Mobile,13,6,243,8,No,No,111,Normal
932,Admin Staff,Emergency,17,4/6/2022,12,Saturday,Unknown IP,Tablet,25,7,45,17,No,No,135,Normal
933,Nurse,Emergency,5,1/27/2022,13,Monday,Hospital Network,Tablet,9,4,154,54,No,No,113,Normal
934,Admin Staff,Pediatrics,24,11/15/2022,21,Friday,Hospital Network,Desktop,6,2,123,20,No,No,65,Normal
935,Doctor,Neurology,22,4/22/2022,22,Saturday,Remote VPN,Desktop,29,10,69,34,No,No,16,Normal
936,Nurse,Neurology,9,11/14/2022,1,Wednesday,Hospital Network,Tablet,22,7,29,57,No,No,16,Normal
937,Nurse,Pediatrics,1,4/22/2022,12,Tuesday,Hospital Network,Desktop,8,7,106,65,No,No,5,Normal
938,Doctor,Cardiology,3,10/2/2022,5,Thursday,Hospital Network,Mobile,21,3,82,7,No,No,165,Normal
939,Doctor,Emergency,5,4/9/2022,20,Saturday,Hospital Network,Tablet,5,7,148,61,No,No,112,Normal
940,Nurse,Pediatrics,29,3/23/2022,4,Saturday,Hospital Network,Mobile,11,0,147,44,No,No,44,Normal
941,Doctor,Oncology,20,4/15/2022,12,Monday,Hospital Network,Mobile,25,3,144,46,No,No,83,Normal
942,Admin Staff,Pediatrics,17,12/15/2022,10,Thursday,Hospital Network,Mobile,6,6,260,40,No,Yes,70,Normal
943,Doctor,Neurology,19,6/28/2022,3,Monday,Hospital Network,Mobile,23,4,25,77,No,No,112,Normal
944,Doctor,Oncology,4,4/8/2022,11,Thursday,Remote VPN,Mobile,9,3,17,45,No,No,140,Normal
945,Admin Staff,Emergency,10,4/19/2022,1,Monday,Hospital Network,Desktop,19,0,96,39,Yes,No,73,Normal
946,Nurse,Oncology,4,8/3/2022,20,Friday,Hospital Network,Tablet,13,10,276,74,No,No,34,Normal
947,Nurse,Cardiology,30,1/5/2022,5,Friday,Hospital Network,Tablet,25,9,25,10,No,Yes,129,Normal
948,Doctor,Emergency,7,9/19/2022,22,Saturday,Hospital Network,Mobile,23,9,221,3,No,No,105,Normal
949,Nurse,Pediatrics,5,8/7/2022,5,Thursday,Unknown IP,Tablet,21,3,104,56,No,No,26,Normal
950,Nurse,Oncology,9,3/26/2022,4,Sunday,Hospital Network,Tablet,19,4,85,5,No,No,20,Normal
951,Admin Staff,Neurology,13,3/11/2022,11,Monday,Hospital Network,Desktop,12,4,45,18,No,No,101,Normal
952,Nurse,Pediatrics,10,12/27/2022,8,Thursday,Hospital Network,Tablet,6,0,122,27,No,No,85,Normal
953,Doctor,Oncology,10,6/19/2022,1,Wednesday,Hospital Network,Tablet,22,0,195,35,No,No,58,Normal
954,Doctor,Pediatrics,4,8/21/2022,10,Saturday,Unknown IP,Mobile,26,4,205,51,No,No,80,Normal
955,Admin Staff,Emergency,1,2/7/2022,1,Tuesday,Remote VPN,Desktop,30,2,266,31,No,No,60,Normal
956,Admin Staff,Cardiology,26,7/10/2022,8,Tuesday,Remote VPN,Tablet,24,0,231,2,No,No,107,Normal
957,Nurse,Oncology,6,3/22/2022,7,Saturday,Hospital Network,Mobile,17,2,129,8,Yes,Yes,28,Normal
958,Nurse,Neurology,10,4/4/2022,2,Thursday,Hospital Network,Desktop,28,3,146,4,No,No,80,Normal
959,Admin Staff,Neurology,12,3/28/2022,9,Sunday,Hospital Network,Tablet,12,4,205,37,No,No,153,Normal
960,Admin Staff,Neurology,26,6/23/2022,19,Sunday,Hospital Network,Tablet,4,7,294,67,No,No,169,Normal
961,Admin Staff,Oncology,2,1/19/2022,17,Monday,Hospital Network,Mobile,23,2,76,73,No,No,145,Normal
962,Admin Staff,Oncology,10,10/17/2022,21,Friday,Unknown IP,Mobile,6,9,225,42,No,No,108,Normal
963,Nurse,Neurology,1,1/20/2022,12,Wednesday,Hospital Network,Desktop,26,1,17,7,No,No,180,Normal
964,Admin Staff,Pediatrics,15,3/19/2022,20,Wednesday,Hospital Network,Desktop,16,9,273,53,No,No,14,Normal
965,Admin Staff,Cardiology,11,3/20/2022,10,Wednesday,Hospital Network,Mobile,17,0,135,72,No,No,13,Normal
966,Doctor,Oncology,2,4/26/2022,15,Thursday,Hospital Network,Mobile,29,6,246,25,No,No,58,Normal
967,Doctor,Emergency,1,1/12/2022,6,Friday,Hospital Network,Tablet,1,2,96,65,No,No,65,Normal
968,Nurse,Emergency,24,12/28/2022,23,Sunday,Hospital Network,Mobile,21,4,226,77,No,No,115,Normal
969,Admin Staff,Neurology,11,10/9/2022,9,Wednesday,Hospital Network,Mobile,6,1,66,19,No,No,50,Normal
970,Nurse,Pediatrics,27,11/17/2022,0,Friday,Hospital Network,Desktop,25,5,138,61,No,Yes,69,Normal
971,Nurse,Cardiology,6,7/30/2022,20,Tuesday,Remote VPN,Mobile,10,5,162,59,No,Yes,170,Suspicious
972,Admin Staff,Cardiology,17,1/23/2022,12,Saturday,Remote VPN,Desktop,13,1,18,42,No,No,175,Normal
973,Nurse,Pediatrics,24,9/2/2022,16,Monday,Hospital Network,Desktop,15,4,39,80,No,No,47,Normal
974,Nurse,Emergency,11,1/8/2022,16,Friday,Hospital Network,Desktop,17,0,146,60,No,Yes,20,Normal
975,Nurse,Neurology,4,1/13/2022,1,Wednesday,Hospital Network,Desktop,26,2,294,43,No,No,99,Normal
976,Nurse,Oncology,6,7/8/2022,11,Sunday,Hospital Network,Mobile,16,4,246,67,No,No,82,Normal
977,Doctor,Cardiology,6,8/10/2022,12,Tuesday,Hospital Network,Tablet,18,8,245,41,Yes,No,28,Normal
978,Doctor,Emergency,25,7/28/2022,10,Tuesday,Hospital Network,Desktop,8,10,288,38,No,No,25,Normal
979,Admin Staff,Oncology,15,7/20/2022,16,Tuesday,Remote VPN,Mobile,20,7,280,21,No,No,87,Normal
980,Admin Staff,Emergency,27,1/23/2022,13,Sunday,Hospital Network,Desktop,25,2,215,2,No,No,89,Normal
981,Admin Staff,Neurology,16,9/14/2022,8,Tuesday,Unknown IP,Mobile,21,1,75,57,No,No,94,Normal
982,Doctor,Pediatrics,19,3/25/2022,21,Monday,Unknown IP,Mobile,16,7,35,44,No,No,171,Normal
983,Doctor,Oncology,2,11/25/2022,5,Tuesday,Unknown IP,Tablet,25,3,146,33,No,No,63,Normal
984,Doctor,Emergency,28,3/1/2022,0,Thursday,Hospital Network,Mobile,22,7,142,37,No,No,68,Normal
985,Doctor,Oncology,15,3/20/2022,23,Friday,Hospital Network,Mobile,24,9,93,71,No,No,154,Normal
986,Admin Staff,Oncology,25,12/30/2022,8,Wednesday,Hospital Network,Tablet,29,9,239,32,No,No,125,Normal
987,Doctor,Neurology,27,7/4/2022,19,Wednesday,Hospital Network,Tablet,4,9,242,49,No,No,108,Normal
988,Nurse,Neurology,9,10/18/2022,21,Thursday,Remote VPN,Desktop,1,0,45,30,No,No,34,Normal
989,Doctor,Cardiology,2,5/2/2022,0,Sunday,Hospital Network,Tablet,12,4,115,11,Yes,No,44,Normal
990,Doctor,Neurology,10,7/30/2022,19,Thursday,Remote VPN,Mobile,20,2,264,24,No,No,44,Normal
991,Admin Staff,Emergency,22,7/13/2022,5,Thursday,Hospital Network,Desktop,13,1,51,51,No,No,139,Suspicious
992,Admin Staff,Cardiology,30,3/9/2022,22,Saturday,Hospital Network,Mobile,27,7,202,42,No,No,112,Normal
993,Nurse,Pediatrics,23,6/27/2022,19,Tuesday,Hospital Network,Tablet,4,4,34,60,No,No,13,Normal
994,Nurse,Cardiology,2,9/25/2022,20,Saturday,Hospital Network,Mobile,20,9,242,25,No,No,107,Normal
995,Doctor,Pediatrics,30,11/3/2022,16,Monday,Hospital Network,Desktop,20,3,200,33,No,No,36,Normal
996,Admin Staff,Cardiology,6,2/19/2022,5,Sunday,Hospital Network,Tablet,4,9,176,58,No,No,41,Normal
997,Doctor,Emergency,20,9/5/2022,23,Sunday,Hospital Network,Mobile,7,9,255,39,Yes,No,20,Suspicious
998,Nurse,Oncology,25,5/8/2022,1,Saturday,Remote VPN,Mobile,13,10,183,14,No,No,11,Normal
999,Doctor,Cardiology,13,12/24/2022,11,Wednesday,Remote VPN,Tablet,20,2,202,78,No,No,153,Normal
1000,Nurse,Emergency,15,10/22/2022,14,Sunday,Hospital Network,Tablet,26,4,152,52,No,No,151,Normal